spp,size,family,fg,habitat,Included,,,
Abudefduf_abdominalis,30,Pomacentridae,Planktivore,Reef,1,,,
Abudefduf_saxatilis,22.9,Pomacentridae,Planktivore,Reef,1,,,
Abudefduf_septemfasciatus,23,Pomacentridae,Planktivore,Reef,1,,,
Abudefduf_sexfasciatus,19,Pomacentridae,Planktivore,Reef,1,,,
Abudefduf_sordidus,24,Pomacentridae,Planktivore,Reef,1,,,
Abudefduf_vaigiensis,20,Pomacentridae,Planktivore,Reef,1,,,
Abudefduf_whitleyi,14,Pomacentridae,Planktivore,Reef,1,,,
Acanthemblemaria_aspera,4,Chaenopsidae,Detritivore,Reef,1,,,
Acanthemblemaria_maria,5.1,Chaenopsidae,Detritivore,Reef,1,,,
Acanthistius_fuscus,40,Serranidae,Piscivore,Reef,1,,,
Acanthochromis_polyacanthus,14,Pomacentridae,Planktivore,Reef,1,,,
Acanthocybium_solandri,250,Scombridae,Piscivore,Pelagic,0,,,
Acanthostracion_polygonius,50,Ostraciidae,Micro-invertivore,Reef,1,,,
Acanthostracion_quadricornis,55,Ostraciidae,Micro-invertivore,Reef,1,,,
Acanthurus_achilles,24,Acanthuridae,Grazer,Reef,1,,,
Acanthurus_achilles,24,Acanthuridae,Grazer,Reef,1,,,
Acanthurus_albipectoralis,33,Acanthuridae,Planktivore,Reef,1,,,
Acanthurus_auranticavus,45,Acanthuridae,Grazer,Reef,1,,,
Acanthurus_bahianus,38.1,Acanthuridae,Grazer,Reef,1,,,
Acanthurus_bariene,50,Acanthuridae,Grazer,Reef,1,,,
Acanthurus_blochii,45,Acanthuridae,Grazer,Reef,1,,,
Acanthurus_blochii,45,Acanthuridae,Grazer,Reef,1,,,
Acanthurus_chirugus,39,Acanthuridae,Grazer,Reef,1,,,
Acanthurus_coeruleus,39,Acanthuridae,Grazer,Out,0,,,
Acanthurus_dussumieri,54,Acanthuridae,Grazer,Reef,1,,,
Acanthurus_fowleri,45,Acanthuridae,Grazer,Reef,1,,,
Acanthurus_grammoptilus,35,Acanthuridae,Grazer,Reef,1,,,
Acanthurus_guttatus,26,Acanthuridae,Grazer,Reef,1,,,
Acanthurus_leucocheilus,45,Acanthuridae,Grazer,Reef,1,,,
Acanthurus_leucopareius,25,Acanthuridae,Grazer,Reef,1,,,
Acanthurus_leucosternon,54,Acanthuridae,Grazer,Reef,1,,,
Acanthurus_lineatus,38,Acanthuridae,Grazer,Reef,1,,,
Acanthurus_maculiceps,40,Acanthuridae,Grazer,Reef,1,,,
Acanthurus_mata,50,Acanthuridae,Planktivore,Reef,1,,,
Acanthurus_nigricans,21.3,Acanthuridae,Grazer,Reef,1,,,
Acanthurus_nigricauda,40,Acanthuridae,Grazer,Reef,1,,,
Acanthurus_nigrofuscus,21,Acanthuridae,Grazer,Reef,1,,,
Acanthurus_nigroris,25,Acanthuridae,Grazer,Reef,1,,,
Acanthurus_nigroris,25,Acanthuridae,Grazer,Reef,1,,,
Acanthurus_nubilus,26,Acanthuridae,Planktivore,Reef,1,,,
Acanthurus_olivaceus,35,Acanthuridae,Detritivore,Reef,1,,,
Acanthurus_olivaceus,35,Acanthuridae,Detritivore,Reef,1,,,
Acanthurus_pyroferus,29,Acanthuridae,Grazer,Reef,1,,,
Acanthurus_sp,36,Acanthuridae,Grazer,Reef,1,,,
Acanthurus_sp,36,Acanthuridae,Grazer,Reef,1,,,
Acanthurus_tennentii,31,Acanthuridae,Detritivore,Reef,1,,,
Acanthurus_thompsoni,27,Acanthuridae,Planktivore,Reef,1,,,
Acanthurus_triostegus,27,Acanthuridae,Grazer,Reef,1,,,
Acanthurus_tristis,25,Acanthuridae,Grazer,Reef,1,,,
Acanthurus_xanthopterus,70,Acanthuridae,Grazer,Reef,1,,,
Aethaloperca_rogaa,60,Serranidae,Piscivore,Reef,1,,,
Aetobatus_narinari,330,Myliobatidae,NA,Pelagic,0,,,
Aetobatus_narinari,330,Myliobatidae,NA,Pelagic,0,,,
Albula_glossodonta,90,Albulidae,NA,Sand,0,,,
Alectis_ciliaris,150,Carangidae,Piscivore,Pelagic,0,,,
Aluterus_scriptus,110,Monacanthidae,Micro-invertivore,Reef,1,,,
Amanses_scopas,20,Monacanthidae,Micro-invertivore,Reef,1,,,
Amblycirrhitus_bimacula,8.5,Cirrhitidae,Micro-invertivore,Reef,1,,,
Amblycirrhitus_pinos,9.5,Cirrhitidae,Micro-invertivore,Reef,1,,,
Amblyeleotris_fasciata,8,Gobiidae,Detritivore,Reef,1,,,
Amblyeleotris_guttata,11,Gobiidae,Detritivore,Reef,1,,,
Amblyeleotris_sp,9,Gobiidae,Detritivore,Reef,1,,,
Amblyglyphidodon_aureus,13,Pomacentridae,Planktivore,Reef,1,,,
Amblyglyphidodon_curacao,11,Pomacentridae,Planktivore,Reef,1,,,
Amblyglyphidodon_leucogaster,13,Pomacentridae,Planktivore,Reef,1,,,
Amblyglyphidodon_leucogaster,13,Pomacentridae,Planktivore,Reef,1,,,
Amblygobius_esakiae,8.5,Gobiidae,Detritivore,Reef,1,,,
Amblygobius_phalaena,15,Gobiidae,Detritivore,Reef,1,,,
Amblygobius_sp,10,Gobiidae,Detritivore,Reef,1,,,
Amblygobius_sp,10,Gobiidae,Detritivore,Reef,1,,,
Amblygobius_sphynx,18,Gobiidae,Detritivore,Reef,1,,,
Amphiprion_akindynos,9,Pomacentridae,Planktivore,Reef,1,,,
Amphiprion_chrysopterus,17,Pomacentridae,Planktivore,Reef,1,,,
Amphiprion_clarkii,15,Pomacentridae,Planktivore,Reef,1,,,
Amphiprion_fuscocaudatus,14,Pomacentridae,Planktivore,Reef,1,,,
Amphiprion_melanopus,12,Pomacentridae,Planktivore,Reef,1,,,
Amphiprion_nigripes,11,Pomacentridae,Planktivore,Reef,1,,,
Amphiprion_perideraion,10,Pomacentridae,Planktivore,Reef,1,,,
Anampses_caeruleopunctatus,42,Labridae,Micro-invertivore,Reef,1,,,
Anampses_caeruleopunctatus,42,Labridae,Micro-invertivore,Reef,1,,,
Anampses_chrysocephalus,17,Labridae,Micro-invertivore,Reef,1,,,
Anampses_cuvier,31,Labridae,Micro-invertivore,Reef,1,,,
Anampses_femininus,24,Labridae,Micro-invertivore,Reef,1,,,
Anampses_melanurus,12,Labridae,Micro-invertivore,Reef,1,,,
Anampses_meleagrides,22,Labridae,Micro-invertivore,Reef,1,,,
Anampses_neoguinaicus,20,Labridae,Micro-invertivore,Reef,1,,,
Anampses_neoguinaicus,20,Labridae,Micro-invertivore,Reef,1,,,
Anampses_sp,30,Labridae,Micro-invertivore,Reef,1,,,
Anampses_twistii,18,Labridae,Micro-invertivore,Reef,1,,,
Anisotremus_surinamensis,76,Haemulidae,Micro-invertivore,Reef,1,,,
Anisotremus_virginicus,40.6,Haemulidae,Micro-invertivore,Reef,1,,,
Antennarius_commerson,45,Antennariidae,Pisci-invertivore,Reef,1,,,
Anthias_sp,29,Serranidae,Planktivore,Reef,1,,,
Anthias_sp,29,Serranidae,Planktivore,Reef,1,,,
Anthias_sp,29,Serranidae,Planktivore,Reef,1,,,
Anyperodon_leucogrammicus,65,Serranidae,Piscivore,Reef,1,,,
Aphareus_furca,70,Lutjanidae,Piscivore,Pelagic,0,,,
Apogon_angustatus,11,Apogonidae,Planktivore,Reef,1,,,
Apogon_apogonoides,10,Apogonidae,Planktivore,Reef,1,,,
Apogon_binotatus,13,Apogonidae,Planktivore,Reef,1,,,
Apogon_cyanosoma,8,Apogonidae,Planktivore,Reef,1,,,
Apogon_erythrinus,4,Apogonidae,Planktivore,Reef,1,,,
Apogon_fraenatus,10,Apogonidae,Planktivore,Reef,1,,,
Apogon_fuscus,7,Apogonidae,Planktivore,Reef,1,,,
Apogon_kallopterus,15.5,Apogonidae,Planktivore,Reef,1,,,
Apogon_lachneri,6.5,Apogonidae,Planktivore,Reef,1,,,
Apogon_lateralis,11,Apogonidae,Planktivore,Reef,1,,,
Apogon_maculatus,11.1,Apogonidae,Planktivore,Reef,1,,,
Apogon_maculiferus,14,Apogonidae,Planktivore,Reef,1,,,
Apogon_novemfasciatus,10,Apogonidae,Planktivore,Reef,1,,,
Apogon_sp,10,Apogonidae,Planktivore,Reef,1,,,
Apogon_sp,10,Apogonidae,Planktivore,Reef,1,,,
Apogon_townsendi,6.5,Apogonidae,Planktivore,Reef,1,,,
Apolemichthys_arcuatus,18,Pomacanthidae,Micro-invertivore,Reef,1,,,
Apolemichthys_griffisi,30,Pomacanthidae,Micro-invertivore,Reef,1,,,
Apolemichthys_trimaculatus,26,Pomacanthidae,Micro-invertivore,Reef,1,,,
Apolemichthys_xanthopunctatus,25,Pomacanthidae,Micro-invertivore,Reef,1,,,
Aprion_virescens,112,Lutjanidae,Piscivore,Reef,1,,,
Aprion_virescens,112,Lutjanidae,Piscivore,Reef,1,,,
Archamia_mozambiquensis,8.9,Apogonidae,Planktivore,Reef,1,,,
Arothron_hispidus,50,Tetraodontidae,Macro-invertivore,Reef,1,,,
Arothron_mappa,65,Tetraodontidae,Macro-invertivore,Reef,1,,,
Arothron_meleagris,50,Tetraodontidae,Corallivore,Reef,1,,,
Arothron_nigropunctatus,33,Tetraodontidae,Corallivore,Reef,1,,,
Arothron_stellatus,120,Tetraodontidae,Macro-invertivore,Reef,1,,,
Aspidontus_taeniatus,11.5,Blenniidae,Micro-invertivore,Reef,1,,,
Asterropteryx_ensifera,3,Gobiidae,Detritivore,Reef,1,,,
Asterropteryx_semipunctata,4,Gobiidae,Detritivore,Reef,1,,,
Asterropteryx_semipunctata,4,Gobiidae,Detritivore,Reef,1,,,
Atherinomorus_insularum,9,Atherinidae,Planktivore,Pelagic,0,,,
Atrosalarias_fuscus,14.5,Blenniidae,Detritivore,Reef,1,,,
Aulostomus_chinensis,80,Aulostomidae,Piscivore,Reef,1,,,
Aulostomus_maculataus,80,Aulostomidae,Piscivore,Reef,1,,,
Balistapus_undulatus,30,Balistidae,Macro-invertivore,Reef,1,,,
Balistapus_undulatus,30,Balistidae,Macro-invertivore,Reef,1,,,
Balistes_polylepis,76,Balistidae,Macro-invertivore,Reef,1,,,
Balistes_vetula,60,Balistidae,Macro-invertivore,Reef,1,,,
Balistoides_conspicillum,50,Balistidae,Macro-invertivore,Reef,1,,,
Balistoides_conspicillum,50,Balistidae,Macro-invertivore,Reef,1,,,
Balistoides_sp,50,Balistidae,Macro-invertivore,Reef,1,,,
Balistoides_sp,50,Balistidae,Macro-invertivore,Reef,1,,,
Balistoides_viridescens,75,Balistidae,Macro-invertivore,Reef,1,,,
Bathygobius_soporator,15,Gobiidae,Detritivore,Reef,1,,,
Belonoperca_chabanaudi,15,Serranidae,Piscivore,Reef,1,,,
Blenniella_chrysospilos,13,Blenniidae,Detritivore,Reef,1,,,
Blenniella_gibbifrons,12,Blenniidae,Detritivore,Reef,1,,,
Bodianus_anthioides,24,Labridae,Micro-invertivore,Reef,1,,,
Bodianus_axillaris,20,Labridae,Micro-invertivore,Reef,1,,,
Bodianus_bilunulatus,55,Labridae,Micro-invertivore,Reef,1,,,
Bodianus_diana,16.9,Labridae,Micro-invertivore,Reef,1,,,
Bodianus_loxozonus,47,Labridae,Micro-invertivore,Reef,1,,,
Bodianus_mesothorax,25,Labridae,Micro-invertivore,Reef,1,,,
Bodianus_prognathus,17.9,Labridae,Micro-invertivore,Reef,1,,,
Bodianus_rufus,40,Labridae,Micro-invertivore,Reef,1,,,
Bolbometopon_muricatum,130,Scaridae,Excavator/scraper,Reef,1,,,
Bothus_lunatus,46,Bothidae,Micro-invertivore,Reef,1,,,
Bothus_mancus,51,Bothidae,Micro-invertivore,Reef,1,,,
Bothus_ocellatus,18,Bothidae,Micro-invertivore,Reef,1,,,
Bothus_pantherinus,39,Bothidae,Micro-invertivore,Reef,1,,,
Brotula_multibarbata,100,Ophidiidae,Macro-invertivore,Reef,1,,,
Bryaninops_sp,5,Gobiidae,Detritivore,Reef,1,,,
Caesio_caerulaurea,35,Caesionidae,Planktivore,Reef,1,,,
Caesio_cuning,60,Caesionidae,Planktivore,Reef,1,,,
Caesio_lunaris,40,Caesionidae,Planktivore,Reef,1,,,
Caesio_sp,50,Caesionidae,Planktivore,Reef,1,,,
Caesio_sp,50,Caesionidae,Planktivore,Reef,1,,,
Caesio_teres,40,Caesionidae,Planktivore,Reef,1,,,
Caesio_varilineata,40,Caesionidae,Planktivore,Reef,1,,,
Caesio_xanthonota,40,Caesionidae,Planktivore,Reef,1,,,
Calamus_calamus,56,Sparidae,Macro-invertivore,Reef,1,,,
Calamus_pennatula,37,Sparidae,Macro-invertivore,Reef,1,,,
Calotomus_carolinus,54,Scaridae,Browser,Reef,1,,,
Calotomus_zonarchus,33,Scaridae,Browser,Reef,1,,,
Cantherhines_dumerilii,38,Monacanthidae,Micro-invertivore,Reef,1,,,
Cantherhines_longicaudus,13.2,Monacanthidae,Micro-invertivore,Reef,1,,,
Cantherhines_macrocerus,46,Monacanthidae,Micro-invertivore,Reef,1,,,
Cantherhines_pardalis,25,Monacanthidae,Micro-invertivore,Reef,1,,,
Cantherhines_pulles,38,Monacanthidae,Micro-invertivore,Reef,1,,,
Cantherhines_rapanui,20,Monacanthidae,Micro-invertivore,Reef,1,,,
Cantherhines_sandwichiensis,19.3,Monacanthidae,Spongivore,Reef,1,,,
Cantherhines_verecundus,12.5,Monacanthidae,Micro-invertivore,Reef,1,,,
Canthidermis_sufflamen,65,Balistidae,Macro-invertivore,Reef,1,,,
Canthigaster_amboinensis,15,Tetraodontidae,Micro-invertivore,Reef,1,,,
Canthigaster_bennetti,10,Tetraodontidae,Micro-invertivore,Reef,1,,,
Canthigaster_coronata,11,Tetraodontidae,Micro-invertivore,Reef,1,,,
Canthigaster_epilampra,12,Tetraodontidae,Micro-invertivore,Reef,1,,,
Canthigaster_jactator,9,Tetraodontidae,Micro-invertivore,Reef,1,,,
Canthigaster_janthinoptera,9,Tetraodontidae,Micro-invertivore,Reef,1,,,
Canthigaster_rostrata,12,Tetraodontidae,Micro-invertivore,Reef,1,,,
Canthigaster_smithae,13,Tetraodontidae,Micro-invertivore,Reef,1,,,
Canthigaster_solandri,11.5,Tetraodontidae,Micro-invertivore,Reef,1,,,
Canthigaster_valentini,11,Tetraodontidae,Micro-invertivore,Reef,1,,,
Caracanthus_maculatus,5,Caracanthidae,Piscivore,Reef,1,,,
Caracanthus_typicus,2.9,Caracanthidae,Piscivore,Reef,1,,,
Carangoides_ferdau,70,Carangidae,Piscivore,Pelagic,0,,,
Carangoides_fulvoguttatus,120,Carangidae,Piscivore,Pelagic,0,,,
Carangoides_oblongus,46,Carangidae,Piscivore,Pelagic,0,,,
Carangoides_orthogrammus,75,Carangidae,Piscivore,Pelagic,0,,,
Carangoides_plagiotaenia,50,Carangidae,Piscivore,Pelagic,0,,,
Caranx_bartholomaei,100,Carangidae,Piscivore,Pelagic,0,,,
Caranx_crysos,70,Carangidae,Piscivore,Pelagic,0,,,
Caranx_ignobilis,170,Carangidae,Piscivore,Pelagic,0,,,
Caranx_latus,101,Carangidae,Piscivore,Pelagic,0,,,
Caranx_lugubris,100,Carangidae,Piscivore,Pelagic,0,,,
Caranx_melampygus,117,Carangidae,Piscivore,Pelagic,0,,,
Caranx_papuensis,88,Carangidae,Piscivore,Pelagic,0,,,
Caranx_ruber,65,Carangidae,Piscivore,Pelagic,0,,,
Caranx_sexfasciatus,120,Carangidae,Piscivore,Pelagic,0,,,
Caranx_sp,80,Carangidae,Piscivore,Pelagic,0,,,
Carcharhinus_albimarginatus,300,Carcharhinidae,Piscivore,Unknown,0,,,
Carcharhinus_amblyrhynchos,255,Carcharhinidae,Piscivore,Unknown,0,,,
Carcharhinus_galapagensis,370,Carcharhinidae,Piscivore,Unknown,0,,,
Carcharhinus_melanopterus,200,Carcharhinidae,Piscivore,Unknown,0,,,
Carcharhinus_perezi,250,Carcharhinidae,Piscivore,Unknown,0,,,
Centropyge_acanthops,8,Pomacanthidae,Micro-invertivore,Reef,1,,,
Centropyge_argi,8,Pomacanthidae,Micro-invertivore,Reef,1,,,
Centropyge_bicolor,15,Pomacanthidae,Micro-invertivore,Reef,1,,,
Centropyge_bispinosa,10,Pomacanthidae,Micro-invertivore,Reef,1,,,
Centropyge_bispinosus,10,Pomacanthidae,Micro-invertivore,Reef,1,,,
Centropyge_fisheri,7.5,Pomacanthidae,Micro-invertivore,Reef,1,,,
Centropyge_flavicauda,8,Pomacanthidae,Micro-invertivore,Reef,1,,,
Centropyge_flavissima,14,Pomacanthidae,Micro-invertivore,Reef,1,,,
Centropyge_heraldi,10,Pomacanthidae,Micro-invertivore,Reef,1,,,
Centropyge_hotumatua,8,Pomacanthidae,Micro-invertivore,Reef,1,,,
Centropyge_interruptus,15,Pomacanthidae,Micro-invertivore,Reef,1,,,
Centropyge_loricula,15,Pomacanthidae,Micro-invertivore,Reef,1,,,
Centropyge_loriculus,8,Pomacanthidae,Micro-invertivore,Reef,1,,,
Centropyge_multifasciata,12,Pomacanthidae,Micro-invertivore,Reef,1,,,
Centropyge_multispinis,14,Pomacanthidae,Micro-invertivore,Reef,1,,,
Centropyge_potteri,10,Pomacanthidae,Micro-invertivore,Reef,1,,,
Centropyge_shepardi,9,Pomacanthidae,Micro-invertivore,Reef,1,,,
Centropyge_sp,12,Pomacanthidae,Micro-invertivore,Reef,1,,,
Centropyge_sp,12,Pomacanthidae,Micro-invertivore,Reef,1,,,
Centropyge_vrolikii,12,Pomacanthidae,Micro-invertivore,Reef,1,,,
Cephalopholis_argus,60,Serranidae,Pisci-invertivore,Reef,1,,,
Cephalopholis_argus,60,Serranidae,Pisci-invertivore,Reef,1,,,
Cephalopholis_cruentatus,42,Serranidae,Pisci-invertivore,Reef,1,,,
Cephalopholis_cyanostigma,40,Serranidae,Pisci-invertivore,Reef,1,,,
Cephalopholis_formosa,34,Serranidae,Pisci-invertivore,Reef,1,,,
Cephalopholis_fulvus,41,Serranidae,Pisci-invertivore,Reef,1,,,
Cephalopholis_leopardus,24,Serranidae,Pisci-invertivore,Reef,1,,,
Cephalopholis_microprion,25,Serranidae,Pisci-invertivore,Reef,1,,,
Cephalopholis_miniata,50,Serranidae,Pisci-invertivore,Reef,1,,,
Cephalopholis_nigripinnis,28,Serranidae,Pisci-invertivore,Reef,1,,,
Cephalopholis_sexmaculata,50,Serranidae,Pisci-invertivore,Reef,1,,,
Cephalopholis_sonnerati,57,Serranidae,Pisci-invertivore,Reef,1,,,
Cephalopholis_sp,50,Epinephilidae,Pisci-invertivore,Reef,1,,,
Cephalopholis_spiloparaea,30,Serranidae,Pisci-invertivore,Reef,1,,,
Cephalopholis_urodeta,28,Serranidae,Pisci-invertivore,Reef,1,,,
Cephalopholis_urodeta,28,Serranidae,Pisci-invertivore,Reef,1,,,
Cetoscarus_bicolor,90,Scaridae,Excavator/scraper,Reef,1,,,
Cetoscarus_ocellatus,80,Scaridae,Excavator/scraper,Reef,1,,,
Chaetodipterus_faber,91,Ephippidae,NA,Pelagic,0,,,
Chaetodon_aureofasciatus,12.5,Chaetodontidae,Corallivore,Reef,1,,,
Chaetodon_auriga,23,Chaetodontidae,Micro-invertivore,Reef,1,,,
Chaetodon_baronessa,16,Chaetodontidae,Corallivore,Reef,1,,,
Chaetodon_bennetti,20,Chaetodontidae,Corallivore,Reef,1,,,
Chaetodon_capistratus,7.5,Chaetodontidae,Micro-invertivore,Reef,1,,,
Chaetodon_citrinellus,13,Chaetodontidae,Micro-invertivore,Reef,1,,,
Chaetodon_ephippium,30,Chaetodontidae,Micro-invertivore,Reef,1,,,
Chaetodon_falcula,20,Chaetodontidae,Micro-invertivore,Reef,1,,,
Chaetodon_falcula,20,Chaetodontidae,Micro-invertivore,Reef,1,,,
Chaetodon_flavirostris,20,Chaetodontidae,Micro-invertivore,Reef,1,,,
Chaetodon_flavirostris,20,Chaetodontidae,Micro-invertivore,Reef,1,,,
Chaetodon_flavocoronatus,12,Chaetodontidae,Micro-invertivore,Reef,1,,,
Chaetodon_fremblii,13,Chaetodontidae,Micro-invertivore,Reef,1,,,
Chaetodon_guttatissimus,12,Chaetodontidae,Micro-invertivore,Reef,1,,,
Chaetodon_kleinii,15,Chaetodontidae,Micro-invertivore,Reef,1,,,
Chaetodon_lineolatus,30,Chaetodontidae,Micro-invertivore,Reef,1,,,
Chaetodon_litus,15.5,Chaetodontidae,Micro-invertivore,Reef,1,,,
Chaetodon_lunula,20,Chaetodontidae,Micro-invertivore,Reef,1,,,
Chaetodon_lunulatus,14,Chaetodontidae,Corallivore,Reef,1,,,
Chaetodon_madagaskariensis,13,Chaetodontidae,Micro-invertivore,Reef,1,,,
Chaetodon_melannotus,18,Chaetodontidae,Corallivore,Reef,1,,,
Chaetodon_mertensii,12.5,Chaetodontidae,Micro-invertivore,Reef,1,,,
Chaetodon_meyeri,20,Chaetodontidae,Corallivore,Reef,1,,,
Chaetodon_miliaris,13,Chaetodontidae,Planktivore,Reef,1,,,
Chaetodon_multicinctus,12,Chaetodontidae,Corallivore,Reef,1,,,
Chaetodon_ocellatus,20,Chaetodontidae,Micro-invertivore,Reef,1,,,
Chaetodon_ocellicaudus,15,Chaetodontidae,Corallivore,Reef,1,,,
Chaetodon_ornatissimus,20,Chaetodontidae,Corallivore,Reef,1,,,
Chaetodon_oxycephalus,25,Chaetodontidae,Micro-invertivore,Reef,1,,,
Chaetodon_pelewensis,12.5,Chaetodontidae,Micro-invertivore,Reef,1,,,
Chaetodon_plebeius,15,Chaetodontidae,Corallivore,Reef,1,,,
Chaetodon_plebeius,15,Chaetodontidae,Corallivore,Reef,1,,,
Chaetodon_punctatofasciatus,12,Chaetodontidae,Micro-invertivore,Reef,1,,,
Chaetodon_quadrimaculatus,16,Chaetodontidae,Micro-invertivore,Reef,1,,,
Chaetodon_rafflesii,18,Chaetodontidae,Micro-invertivore,Reef,1,,,
Chaetodon_rafflesii,18,Chaetodontidae,Micro-invertivore,Reef,1,,,
Chaetodon_rainfordi,15,Chaetodontidae,Corallivore,Reef,1,,,
Chaetodon_reticulatus,18,Chaetodontidae,Corallivore,Reef,1,,,
Chaetodon_sedentarius,15,Chaetodontidae,Micro-invertivore,Reef,1,,,
Chaetodon_semeion,26,Chaetodontidae,Micro-invertivore,Reef,1,,,
Chaetodon_smithi,19,Chaetodontidae,Planktivore,Reef,1,,,
Chaetodon_speculum,18,Chaetodontidae,Micro-invertivore,Reef,1,,,
Chaetodon_striatus,16,Chaetodontidae,Micro-invertivore,Reef,1,,,
Chaetodon_tinkeri,15,Chaetodontidae,Micro-invertivore,Reef,1,,,
Chaetodon_triangulum,16,Chaetodontidae,Micro-invertivore,Reef,1,,,
Chaetodon_trifascialis,18,Chaetodontidae,Corallivore,Reef,1,,,
Chaetodon_trifasciatus,15,Chaetodontidae,Corallivore,Reef,1,,,
Chaetodon_trifasciatus,15,Chaetodontidae,Corallivore,Reef,1,,,
Chaetodon_ulietensis,15,Chaetodontidae,Micro-invertivore,Reef,1,,,
Chaetodon_unimaculatus,20,Chaetodontidae,Corallivore,Reef,1,,,
Chaetodon_unimaculatus,20,Chaetodontidae,Corallivore,Reef,1,,,
Chaetodon_vagabundus,23,Chaetodontidae,Micro-invertivore,Reef,1,,,
Chaetodon_xanthocephalus,20,Chaetodontidae,Micro-invertivore,Reef,1,,,
Chaetodon_zanzibarensis,12,Chaetodontidae,Corallivore,Reef,1,,,
Channomuraena_vittata,150,Muraenidae,Piscivore,Reef,1,,,
Chanos_chanos,180,Chanidae,NA,Pelagic,0,,,
Cheilinus_bimaculatus,15,Labridae,Macro-invertivore,Reef,1,,,
Cheilinus_chlorourus,45,Labridae,Macro-invertivore,Reef,1,,,
Cheilinus_fasciatus,40,Labridae,Macro-invertivore,Reef,1,,,
Cheilinus_oxycephalus,17,Labridae,Macro-invertivore,Reef,1,,,
Cheilinus_sp,30,Labridae,Macro-invertivore,Reef,1,,,
Cheilinus_trilobatus,45,Labridae,Macro-invertivore,Reef,1,,,
Cheilinus_undulatus,229,Labridae,Macro-invertivore,Reef,1,,,
Cheilio_inermis,50,Labridae,Piscivore,Reef,1,,,
Cheilodactylus_plessisi,60,Latridae,Macro-invertivore,Reef,1,,,
Cheilodactylus_vittatus,60,Cheilodactylidae,Macro-invertivore,Reef,1,,,
Cheilodipterus_artus,18.7,Apogonidae,Planktivore,Reef,1,,,
Cheilodipterus_macrodon,25,Apogonidae,Planktivore,Reef,1,,,
Cheilodipterus_quinquelineatus,13,Apogonidae,Planktivore,Reef,1,,,
Cheilodipterus_sp,20,Apogonidae,Planktivore,Reef,1,,,
Chelmon_rostratus,20,Chaetodontidae,Micro-invertivore,Reef,1,,,
Chelonodon_patoca,38,Tetraodontidae,Micro-invertivore,Reef,1,,,
Chilomycterus_antennatus,38,Diodontidae,Micro-invertivore,Reef,1,,,
Chilomycterus_schoepfi,25,Diodontidae,Micro-invertivore,Reef,1,,,
Chlorurus_atrilunula,30,Scaridae,Excavator/scraper,Reef,1,,,
Chlorurus_bleekeri,49,Scaridae,Excavator/scraper,Reef,1,,,
Chlorurus_capistratoides,40,Scaridae,Excavator/scraper,Reef,1,,,
Chlorurus_enneacanthus,50,Scaridae,Excavator/scraper,Reef,1,,,
Chlorurus_frontalis,50,Scaridae,Excavator/scraper,Reef,1,,,
Chlorurus_gibbus,70,Scaridae,Excavator/scraper,Reef,1,,,
Chlorurus_japanensis,31,Scaridae,Excavator/scraper,Reef,1,,,
Chlorurus_microrhinos,70,Scaridae,Excavator/scraper,Reef,1,,,
Chlorurus_microrhinos,70,Scaridae,Excavator/scraper,Reef,1,,,
Chlorurus_perspicillatus,60.9,Scaridae,Excavator/scraper,Reef,1,,,
Chlorurus_sordidus,40,Scaridae,Excavator/scraper,Reef,1,,,
Chlorurus_sp,45,Scaridae,Excavator/scraper,Reef,1,,,
Chlorurus_strongylocephalus,70,Scaridae,Excavator/scraper,Reef,1,,,
Chlorurus_strongylocephalus,70,Scaridae,Excavator/scraper,Reef,1,,,
Choerodon_anchorago,50,Labridae,Micro-invertivore,Reef,1,,,
Choerodon_fasciatus,30,Labridae,Micro-invertivore,Reef,1,,,
Choerodon_graphicus,51.5,Labridae,Micro-invertivore,Reef,1,,,
Choerodon_jordani,17,Labridae,Micro-invertivore,Reef,1,,,
Chromis_acares,4,Pomacentridae,Planktivore,Reef,1,,,
Chromis_agilis,7.5,Pomacentridae,Planktivore,Reef,1,,,
Chromis_alpha,8.5,Pomacentridae,Planktivore,Reef,1,,,
Chromis_amboinensis,10,Pomacentridae,Planktivore,Reef,1,,,
Chromis_atripectoralis,12,Pomacentridae,Planktivore,Reef,1,,,
Chromis_bami,5.8,Pomacentridae,Planktivore,Reef,1,,,
Chromis_caudalis,7.5,Pomacentridae,Planktivore,Reef,1,,,
Chromis_cyanea,15,Pomacentridae,Planktivore,Reef,1,,,
Chromis_dimidiata,9,Pomacentridae,Planktivore,Reef,1,,,
Chromis_fumea,10,Pomacentridae,Planktivore,Reef,1,,,
Chromis_hanui,6,Pomacentridae,Planktivore,Reef,1,,,
Chromis_insolata,16,Pomacentridae,Planktivore,Reef,1,,,
Chromis_iomelas,8,Pomacentridae,Planktivore,Reef,1,,,
Chromis_lepidolepis,9,Pomacentridae,Planktivore,Reef,1,,,
Chromis_leucura,8.5,Pomacentridae,Planktivore,Reef,1,,,
Chromis_margaritifer,9,Pomacentridae,Planktivore,Reef,1,,,
Chromis_multilineata,20,Pomacentridae,Planktivore,Reef,1,,,
Chromis_nigrura,6,Pomacentridae,Planktivore,Reef,1,,,
Chromis_opercularis,17,Pomacentridae,Planktivore,Reef,1,,,
Chromis_ovalis,15,Pomacentridae,Planktivore,Reef,1,,,
Chromis_pamae,10.4,Pomacentridae,Planktivore,Reef,1,,,
Chromis_randalli,15,Pomacentridae,Planktivore,Reef,1,,,
Chromis_ternatensis,10.5,Pomacentridae,Planktivore,Reef,1,,,
Chromis_vanderbilti,4.5,Pomacentridae,Planktivore,Reef,1,,,
Chromis_verater,16,Pomacentridae,Planktivore,Reef,1,,,
Chromis_viridis,10,Pomacentridae,Planktivore,Reef,1,,,
Chromis_weberi,13.5,Pomacentridae,Planktivore,Reef,1,,,
Chromis_xanthura,17,Pomacentridae,Planktivore,Reef,1,,,
Chromis_xutha,7,Pomacentridae,Planktivore,Reef,1,,,
Chrysiptera_biocellata,12.5,Pomacentridae,Grazer,Reef,1,,,
Chrysiptera_biocellata,12.5,Pomacentridae,Grazer,Reef,1,,,
Chrysiptera_brownriggii,8,Pomacentridae,Micro-invertivore,Reef,1,,,
Chrysiptera_brownriggii,8,Pomacentridae,Micro-invertivore,Reef,1,,,
Chrysiptera_cyanea,8.5,Pomacentridae,Grazer,Reef,1,,,
Chrysiptera_galba,7,Pomacentridae,Grazer,Reef,1,,,
Chrysiptera_glauca,11.5,Pomacentridae,Grazer,Reef,1,,,
Chrysiptera_rapanui,5.5,Pomacentridae,Micro-invertivore,Reef,1,,,
Chrysiptera_rex,7,Pomacentridae,Grazer,Reef,1,,,
Chrysiptera_rollandi,7.5,Pomacentridae,Micro-invertivore,Reef,1,,,
Chrysiptera_talboti,6,Pomacentridae,Planktivore,Reef,1,,,
Chrysiptera_taupou,8,Pomacentridae,Planktivore,Reef,1,,,
Chrysiptera_traceyi,4.5,Pomacentridae,Planktivore,Reef,1,,,
Cirrhilabrus_exquisitus,12,Labridae,Micro-invertivore,Reef,1,,,
Cirrhilabrus_jordani,10,Labridae,Micro-invertivore,Reef,1,,,
Cirrhilabrus_katherinae,7.1,Labridae,Micro-invertivore,Reef,1,,,
Cirrhilabrus_marjorie,5.8,Labridae,Micro-invertivore,Reef,1,,,
Cirrhilabrus_punctatus,13,Labridae,Micro-invertivore,Reef,1,,,
Cirrhilabrus_scottorum,13,Labridae,Micro-invertivore,Reef,1,,,
Cirrhilabrus_sp,10,Labridae,Micro-invertivore,Reef,1,,,
Cirrhilabrus_sp,10,Labridae,Micro-invertivore,Reef,1,,,
Cirrhitichthys_falco,7,Cirrhitidae,Micro-invertivore,Reef,1,,,
Cirrhitichthys_oxycephalus,10,Cirrhitidae,Micro-invertivore,Reef,1,,,
Cirrhitops_fasciatus,12.7,Cirrhitidae,Micro-invertivore,Reef,1,,,
Cirrhitops_hubbardi,25,Cirrhitidae,Micro-invertivore,Reef,1,,,
Cirrhitus_pinnulatus,30,Cirrhitidae,Micro-invertivore,Reef,1,,,
Cirripectes_alboapicalis,15.5,Blenniidae,Detritivore,Reef,1,,,
Cirripectes_castaneus,9.2,Blenniidae,Detritivore,Reef,1,,,
Cirripectes_filamentosus,7.5,Blenniidae,Detritivore,Reef,1,,,
Cirripectes_obscurus,13.4,Blenniidae,Detritivore,Reef,1,,,
Cirripectes_polyzona,13,Blenniidae,Detritivore,Reef,1,,,
Cirripectes_sp,11,Blenniidae,Detritivore,Reef,1,,,
Cirripectes_sp,11,Blenniidae,Detritivore,Reef,1,,,
Cirripectes_springeri,10,Blenniidae,Detritivore,Reef,1,,,
Cirripectes_stigmaticus,10,Blenniidae,Detritivore,Reef,1,,,
Cirripectes_vanderbilti,10,Blenniidae,Detritivore,Reef,1,,,
Cirripectes_variolosus,8.9,Blenniidae,Detritivore,Reef,1,,,
Clepticus_parrae,30,Labridae,Planktivore,Reef,1,,,
Conger_cinereus,140,Congridae,Pisci-invertivore,Reef,1,,,
Coradion_chrysozonus,15,Chaetodontidae,Micro-invertivore,Reef,1,,,
Coris_aygula,120,Labridae,Macro-invertivore,Reef,1,,,
Coris_ballieui,30,Labridae,Micro-invertivore,Reef,1,,,
Coris_batuensis,17,Labridae,Micro-invertivore,Reef,1,,,
Coris_caudimacula,20,Labridae,Micro-invertivore,Reef,1,,,
Coris_centralis,9.2,Labridae,Micro-invertivore,Reef,1,,,
Coris_debueni,27,Labridae,Micro-invertivore,Reef,1,,,
Coris_dorsomacula,38,Labridae,Micro-invertivore,Reef,1,,,
Coris_flavovittata,50.8,Labridae,Macro-invertivore,Reef,1,,,
Coris_formosa,60,Labridae,Macro-invertivore,Reef,1,,,
Coris_gaimard,40,Labridae,Macro-invertivore,Reef,1,,,
Coris_roseoviridis,19.8,Labridae,Micro-invertivore,Reef,1,,,
Coris_venusta,19.3,Labridae,Micro-invertivore,Reef,1,,,
Coryphopterus_dicrus,5,Gobiidae,Detritivore,Reef,1,,,
Coryphopterus_eidolon,6,Gobiidae,Detritivore,Reef,1,,,
Coryphopterus_glaucofraenum,8,Gobiidae,Detritivore,Reef,1,,,
Coryphopterus_hyalinus,2.5,Gobiidae,Detritivore,Reef,1,,,
Coryphopterus_lipernes,3,Gobiidae,Detritivore,Reef,1,,,
Coryphopterus_sp,7,Gobiidae,Detritivore,Reef,1,,,
Coryphopterus_sp,7,Gobiidae,Detritivore,Reef,1,,,
Corythoichthys_flavofasciatus,12,Syngnathidae,Micro-invertivore,Reef,1,,,
Cromileptes_altivelis,70,Serranidae,Piscivore,Reef,1,,,
Cryptocentrus_cryptocentrus,13,Gobiidae,Detritivore,Reef,1,,,
Ctenochaetus_binotatus,22,Acanthuridae,Detritivore,Reef,1,,,
Ctenochaetus_cyanocheilus,16,Acanthuridae,Detritivore,Reef,1,,,
Ctenochaetus_flavicauda,11.8,Acanthuridae,Detritivore,Reef,1,,,
Ctenochaetus_hawaiiensis,25,Acanthuridae,Detritivore,Reef,1,,,
Ctenochaetus_marginatus,27,Acanthuridae,Detritivore,Reef,1,,,
Ctenochaetus_sp,21,Acanthuridae,Detritivore,Reef,1,,,
Ctenochaetus_striatus,26,Acanthuridae,Detritivore,Reef,1,,,
Ctenochaetus_strigosus,14.6,Acanthuridae,Detritivore,Reef,1,,,
Ctenochaetus_strigosus,14.6,Acanthuridae,Detritivore,Reef,1,,,
Ctenochaetus_tominiensis,16,Acanthuridae,Detritivore,Reef,1,,,
Ctenochaetus_truncatus,16,Acanthuridae,Detritivore,Reef,1,,,
Ctenogobiops_sp,17,Acanthuridae,Detritivore,Reef,1,,,
Ctenogobiops_tangaroai,6,Gobiidae,Detritivore,Reef,1,,,
Ctenogobius_saepepallens,5,Gobiidae,Detritivore,Reef,1,,,
Cymolutes_lecluse,17.8,Labridae,Macro-invertivore,Reef,1,,,
Dactyloptena_orientalis,40,Dactylopteridae,Pisci-invertivore,Reef,1,,,
Dascyllus_albisella,13,Pomacentridae,Planktivore,Reef,1,,,
Dascyllus_aruanus,10,Pomacentridae,Planktivore,Reef,1,,,
Dascyllus_auripinnis,11.5,Pomacentridae,Planktivore,Reef,1,,,
Dascyllus_carneus,7,Pomacentridae,Planktivore,Reef,1,,,
Dascyllus_flavicaudus,12,Pomacentridae,Planktivore,Reef,1,,,
Dascyllus_reticulatus,9,Pomacentridae,Planktivore,Reef,1,,,
Dascyllus_trimaculatus,11,Pomacentridae,Planktivore,Reef,1,,,
Dasyatis_americanus,67,Dasyatidae,Macro-invertivore,Reef,1,,,
Decapterus_macarellus,46,Carangidae,Planktivore,Pelagic,0,,,
Dendrochirus_barberi,16.5,Scorpaenidae,Pisci-invertivore,Reef,1,,,
Dermatolepis_striolata,85,Serranidae,Piscivore,Reef,1,,,
Diagramma_picta,100,Haemulidae,Micro-invertivore,Reef,1,,,
Diagramma_pictum,100,Haemulidae,Micro-invertivore,Reef,1,,,
Diodon_holocanthus,50,Diodontidae,Spongivore,Reef,1,,,
Diodon_hystrix,91,Diodontidae,Spongivore,Reef,1,,,
Dischistodus_melanotus,16,Pomacentridae,Detritivore,Reef,1,,,
Dischistodus_perspicillatus,18,Pomacentridae,Detritivore,Reef,1,,,
Dischistodus_prosopotaenia,18.5,Pomacentridae,Detritivore,Reef,1,,,
Dischistodus_pseudochrysopoecilus,18,Pomacentridae,Detritivore,Reef,1,,,
Echeneis_neucratoides,75,Echeneidae,NA,Pelagic,0,,,
Echeneis_neucratoides,75,Echeneidae,NA,Pelagic,0,,,
Echidna_catenata,165,Muraenidae,Piscivore,Reef,1,,,
Echidna_nebulosa,100,Muraenidae,Piscivore,Reef,1,,,
Ecsenius_bicolor,11,Blenniidae,Detritivore,Reef,1,,,
Ecsenius_lineatus,9,Blenniidae,Detritivore,Reef,1,,,
Ecsenius_midas,13,Blenniidae,Detritivore,Reef,1,,,
Ecsenius_nalolo,6.5,Blenniidae,Detritivore,Reef,1,,,
Ecsenius_opsifrontalis,5,Blenniidae,Detritivore,Reef,1,,,
Elacatinus_chancei,5,Gobiidae,Detritivore,Reef,1,,,
Elacatinus_chancei,5,Gobiidae,Detritivore,Reef,1,,,
Elacatinus_chancei,5,Gobiidae,Detritivore,Reef,1,,,
Elacatinus_dilepis,2.5,Gobiidae,Detritivore,Reef,1,,,
Elacatinus_dilepis,2.5,Gobiidae,Detritivore,Reef,1,,,
Elacatinus_dilepis,2.5,Gobiidae,Detritivore,Reef,1,,,
Elacatinus_evelynae,4,Gobiidae,Detritivore,Reef,1,,,
Elacatinus_evelynae,4,Gobiidae,Detritivore,Reef,1,,,
Elacatinus_evelynae,4,Gobiidae,Detritivore,Reef,1,,,
Elacatinus_horsti,5,Gobiidae,Detritivore,Reef,1,,,
Elacatinus_horsti,5,Gobiidae,Detritivore,Reef,1,,,
Elacatinus_horsti,5,Gobiidae,Detritivore,Reef,1,,,
Elacatinus_lousiae,3,Gobiidae,Detritivore,Reef,1,,,
Elacatinus_lousiae,3,Gobiidae,Detritivore,Reef,1,,,
Elacatinus_lousiae,3,Gobiidae,Detritivore,Reef,1,,,
Elacatinus_oceanops,5,Gobiidae,Detritivore,Reef,1,,,
Elacatinus_oceanops,5,Gobiidae,Detritivore,Reef,1,,,
Elacatinus_oceanops,5,Gobiidae,Detritivore,Reef,1,,,
Elacatinus_prochilos,4,Gobiidae,Detritivore,Reef,1,,,
Elacatinus_prochilos,4,Gobiidae,Detritivore,Reef,1,,,
Elacatinus_prochilos,4,Gobiidae,Detritivore,Reef,1,,,
Elacatinus_randalli,4.6,Gobiidae,Detritivore,Reef,1,,,
Elacatinus_randalli,4.6,Gobiidae,Detritivore,Reef,1,,,
Elacatinus_randalli,4.6,Gobiidae,Detritivore,Reef,1,,,
Elacatinus_sp,3,Gobiidae,Detritivore,Reef,1,,,
Elacatinus_sp.,3,Gobiidae,Detritivore,Reef,1,,,
Elacatinus_sp.,3,Gobiidae,Detritivore,Reef,1,,,
Elacatinus_xanthiprora,4,Gobiidae,Detritivore,Reef,1,,,
Elacatinus_xanthiprora,4,Gobiidae,Detritivore,Reef,1,,,
Elacatinus_xanthiprora,4,Gobiidae,Detritivore,Reef,1,,,
Elagatis_bipinnulata,180,Carangidae,Piscivore,Reef,1,,,
Elagatis_bipinnulata,180,Carangidae,Piscivore,Reef,1,,,
Emblemaria_pandionis,5,Chaenopsidae,Detritivore,Reef,1,,,
Emblemariopsis_signifer,3,Chaenopsidae,Detritivore,Reef,1,,,
Emblemariopsis_sp,3,Chaenopsidae,Detritivore,Reef,1,,,
Emblemariopsis_sp,3,Chaenopsidae,Detritivore,Reef,1,,,
Enchelycore_carychroa,34,Muraenidae,Piscivore,Reef,1,,,
Enchelycore_nigricans,100,Muraenidae,Piscivore,Reef,1,,,
Enchelycore_pardalis,92,Muraenidae,Piscivore,Reef,1,,,
Enchelycore_ramosus,180,Muraenidae,Piscivore,Reef,1,,,
Enchelynassa_canina,250,Muraenidae,Piscivore,Reef,1,,,
Encrasicholina_purpurea,7.5,Engraulidae,NA,Pelagic,0,,,
Enneanectes_boehlkei,4,Tripterygiidae,Micro-invertivore,Reef,1,,,
Enneanectes_pectoralis,4,Tripterygiidae,Micro-invertivore,Reef,1,,,
Enneapterygius_atriceps,2.6,Tripterygiidae,Micro-invertivore,Reef,1,,,
Enneapterygius_tutuilae,4,Tripterygiidae,Micro-invertivore,Reef,1,,,
Entomacrodus_chapmani,3.9,Blenniidae,Detritivore,Reef,1,,,
Entomacrodus_marmoratus,4,Blenniidae,Detritivore,Reef,1,,,
Epibulus_insidiator,54,Labridae,Pisci-invertivore,Reef,1,,,
Epinephelus_areolatus,47,Epinephilidae,Piscivore,Reef,1,,,
Epinephelus_caeruleopunctatus,76,Epinephilidae,Piscivore,Reef,1,,,
Epinephelus_coeruleopunctatus,76,Serranidae,Piscivore,Reef,1,,,
Epinephelus_cyanopodus,122,Epinephilidae,Piscivore,Reef,1,,,
Epinephelus_fasciatus,40,Serranidae,Piscivore,Reef,1,,,
Epinephelus_fuscoguttatus,120,Serranidae,Piscivore,Reef,1,,,
Epinephelus_guttatus,76,Serranidae,Piscivore,Reef,1,,,
Epinephelus_hexagonatus,27.5,Serranidae,Piscivore,Reef,1,,,
Epinephelus_howlandi,55,Serranidae,Piscivore,Reef,1,,,
Epinephelus_lanceolatus,270,Serranidae,Piscivore,Reef,1,,,
Epinephelus_macrospilos,51,Serranidae,Piscivore,Reef,1,,,
Epinephelus_maculatus,60.5,Serranidae,Piscivore,Reef,1,,,
Epinephelus_malabaricus,234,Epinephilidae,Piscivore,Reef,1,,,
Epinephelus_melanostigma,35,Serranidae,Piscivore,Reef,1,,,
Epinephelus_merra,32,Serranidae,Piscivore,Reef,1,,,
Epinephelus_multinotatus,100,Serranidae,Piscivore,Reef,1,,,
Epinephelus_ongus,40,Epinephilidae,Piscivore,Reef,1,,,
Epinephelus_polyphekadion,90,Serranidae,Piscivore,Reef,1,,,
Epinephelus_quernus,122,Serranidae,Piscivore,Reef,1,,,
Epinephelus_retouti,50,Serranidae,Piscivore,Reef,1,,,
Epinephelus_socialis,52,Serranidae,Piscivore,Reef,1,,,
Epinephelus_sp,51,Serranidae,Piscivore,Reef,1,,,
Epinephelus_spilotoceps,35,Serranidae,Piscivore,Reef,1,,,
Epinephelus_striatus,122,Serranidae,Piscivore,Reef,1,,,
Epinephelus_tauvina,90,Serranidae,Piscivore,Reef,1,,,
Epinephelus_tukula,200,Serranidae,Piscivore,Reef,1,,,
Equetus_punctatus,27,Sciaenidae,Micro-invertivore,Reef,1,,,
Euthynnus_affinis,100,Scombridae,Piscivore,Pelagic,0,,,
Eviota_albolineata,3,Gobiidae,Detritivore,Reef,1,,,
Eviota_guttata,2.5,Gobiidae,Detritivore,Reef,1,,,
Eviota_sp,3,Gobiidae,Detritivore,Reef,1,,,
Exallias_brevis,14.5,Blenniidae,Corallivore,Reef,1,,,
Exallias_brevis,14.5,Blenniidae,Corallivore,Reef,1,,,
Exyrias_sp,3,Gobiidae,Detritivore,Reef,1,,,
Fistualaria_tabacaria,200,Fistulariidae,Piscivore,Reef,1,,,
Fistularia_commersonii,160,Fistulariidae,Piscivore,Reef,1,,,
Fistularia_commersonii,160,Fistulariidae,Piscivore,Pelagic,0,,,
Foa_brachygramma,6.4,Apogonidae,Planktivore,Reef,1,,,
Forcipiger_flavissimus,22,Chaetodontidae,Micro-invertivore,Reef,1,,,
Forcipiger_flavissimus,22,Chaetodontidae,Micro-invertivore,Reef,1,,,
Forcipiger_longirostris,22,Chaetodontidae,Micro-invertivore,Reef,1,,,
Forcipiger_longirostris,22,Chaetodontidae,Micro-invertivore,Reef,1,,,
Fusigobius_duospilus,6,Gobiidae,Detritivore,Reef,1,,,
Fusigobius_neophytus,7.5,Gobiidae,Detritivore,Reef,1,,,
Genicanthus_personatus,21,Pomacanthidae,Planktivore,Reef,1,,,
Genicanthus_watanabei,15,Pomacanthidae,Planktivore,Reef,1,,,
Gerres_cinereus,41,Gerreidae,Micro-invertivore,Reef,1,,,
Ginglymostoma_cirratum,430,Rhincodontidae,Pisci-invertivore,Reef,1,,,
Gnathanodon_speciosus,120,Carangidae,Piscivore,Pelagic,0,,,
Gnathodentex_aureolineatus,30,Lethrinidae,Pisci-invertivore,Reef,1,,,
Gnathodentex_aureolineatus,30,Lethrinidae,Pisci-invertivore,Reef,1,,,
Gnathodentex_sp,30,Lethrinidae,Macro-invertivore,Reef,1,,,
Gnathodentex_sp,30,Lethrinidae,Macro-invertivore,Reef,1,,,
Gnatholepis_anjerensis,8.4,Gobiidae,Detritivore,Reef,1,,,
Gnatholepis_australis,7,Gobiidae,Detritivore,Reef,1,,,
Gnatholepis_cauerensis,8,Gobiidae,Detritivore,Reef,1,,,
Gnatholepis_pascuensis,6,Gobiidae,Detritivore,Reef,1,,,
Gnatholepis_sp,6,Gobiidae,Detritivore,Reef,1,,,
Gnatholepis_thompsoni,8.2,Gobiidae,Detritivore,Reef,1,,,
Gobiidae_sp,7,Gobiidae,Detritivore,Reef,1,,,
Gobiidae_sp,6,Gobiidae,Detritivore,Reef,1,,,
Gobiodon_citrinus,6.6,Gobiidae,Detritivore,Reef,1,,,
Gobiodon_citrinus,5,Gobiidae,Detritivore,Reef,1,,,
Gomphosus_caeruleus,32,Labridae,Micro-invertivore,Reef,1,,,
Gomphosus_varius,30,Labridae,Micro-invertivore,Reef,1,,,
Gracila_albomarginata,40,Epinephilidae,Piscivore,Reef,1,,,
Gracila_albomarginata,40,Serranidae,Piscivore,Reef,1,,,
Gramma_loreto,8,Grammatidae,Planktivore,Reef,1,,,
Gramma_melacara,10,Grammatidae,Planktivore,Reef,1,,,
Grammistes_sexlineatus,30,Serranidae,Piscivore,Reef,1,,,
Gunnellichthys_curiosus,12,Microdesmidae,Planktivore,Reef,1,,,
Gymnocranius_euanus,45,Lethrinidae,Macro-invertivore,Reef,1,,,
Gymnocranius_microdon,45,Lethrinidae,Macro-invertivore,Reef,1,,,
Gymnomuraena_zebra,150,Muraenidae,Pisci-invertivore,Reef,1,,,
Gymnosarda_unicolor,248,Scombridae,Piscivore,Pelagic,0,,,
Gymnothorax_breedeni,100,Muraenidae,Piscivore,Reef,1,,,
Gymnothorax_eurostus,60,Muraenidae,Piscivore,Reef,1,,,
Gymnothorax_flavimarginatus,240,Muraenidae,Piscivore,Reef,1,,,
Gymnothorax_funebris,250,Muraenidae,Piscivore,Reef,1,,,
Gymnothorax_javanicus,300,Muraenidae,Piscivore,Reef,1,,,
Gymnothorax_melatremus,30,Muraenidae,Piscivore,Reef,1,,,
Gymnothorax_meleagris,120,Muraenidae,Piscivore,Reef,1,,,
Gymnothorax_miliaris,70,Muraenidae,Piscivore,Reef,1,,,
Gymnothorax_moringa,200,Muraenidae,Piscivore,Reef,1,,,
Gymnothorax_nudivomer,180,Muraenidae,Piscivore,Reef,1,,,
Gymnothorax_porphyreus,34.6,Muraenidae,Piscivore,Reef,1,,,
Gymnothorax_sp,110,Muraenidae,Piscivore,Reef,1,,,
Gymnothorax_steindachneri,91,Muraenidae,Piscivore,Reef,1,,,
Gymnothorax_undulatus,150,Muraenidae,Piscivore,Reef,1,,,
Gymnothorax_vicinus,122,Muraenidae,Piscivore,Reef,1,,,
Haemulon_album,79,Haemulidae,Micro-invertivore,Reef,1,,,
Haemulon_aurolineatum,25,Haemulidae,Micro-invertivore,Reef,1,,,
Haemulon_carbonarium,36,Haemulidae,Micro-invertivore,Reef,1,,,
Haemulon_chrysargyreum,23,Haemulidae,Micro-invertivore,Reef,1,,,
Haemulon_flavolineatum,30,Haemulidae,Micro-invertivore,Reef,1,,,
Haemulon_macrostomum,43,Haemulidae,Micro-invertivore,Reef,1,,,
Haemulon_macrostomum,33,Haemulidae,Detritivore,Reef,1,,,
Haemulon_parra,41.2,Haemulidae,Micro-invertivore,Reef,1,,,
Haemulon_plumieri,25,Haemulidae,Micro-invertivore,Reef,1,,,
Haemulon_sciurus,46,Haemulidae,Micro-invertivore,Reef,1,,,
Haemulon_striatum,28,Haemulidae,Micro-invertivore,Reef,1,,,
Haemulon_vittatum,23,Inermiidae,Planktivore,Reef,1,,,
Halichoeres_biocellatus,12,Labridae,Micro-invertivore,Reef,1,,,
Halichoeres_bivitattus,35,Labridae,Micro-invertivore,Reef,1,,,
Halichoeres_bivitattus,35,Labridae,Micro-invertivore,Reef,1,,,
Halichoeres_cosmetus,13,Labridae,Micro-invertivore,Reef,1,,,
Halichoeres_cyanocephalus,30,Labridae,Micro-invertivore,Reef,1,,,
Halichoeres_garnoti,19.3,Labridae,Micro-invertivore,Reef,1,,,
Halichoeres_hortulanus,27,Labridae,Micro-invertivore,Reef,1,,,
Halichoeres_iridis,11.5,Labridae,Micro-invertivore,Reef,1,,,
Halichoeres_maculipinna,18,Labridae,Micro-invertivore,Reef,1,,,
Halichoeres_margaritaceus,12.5,Labridae,Micro-invertivore,Reef,1,,,
Halichoeres_margaritaceus,12.5,Labridae,Micro-invertivore,Reef,1,,,
Halichoeres_marginatus,18,Labridae,Micro-invertivore,Reef,1,,,
Halichoeres_melanurus,12,Labridae,Micro-invertivore,Reef,1,,,
Halichoeres_melasmapomus,24,Labridae,Micro-invertivore,Reef,1,,,
Halichoeres_nebulosus,12,Labridae,Micro-invertivore,Reef,1,,,
Halichoeres_ornatissimus,18,Labridae,Micro-invertivore,Reef,1,,,
Halichoeres_pallidus,10,Labridae,Micro-invertivore,Reef,1,,,
Halichoeres_pictus,13,Labridae,Micro-invertivore,Reef,1,,,
Halichoeres_poeyi,20,Labridae,Micro-invertivore,Reef,1,,,
Halichoeres_prosopeion,13,Labridae,Micro-invertivore,Reef,1,,,
Halichoeres_radiatus,51,Labridae,Micro-invertivore,Reef,1,,,
Halichoeres_richmondi,19,Labridae,Micro-invertivore,Reef,1,,,
Halichoeres_scapularis,20,Labridae,Micro-invertivore,Reef,1,,,
Halichoeres_sp,23,Labridae,Micro-invertivore,Reef,1,,,
Halichoeres_trimaculatus,27,Labridae,Micro-invertivore,Reef,1,,,
Halichoeres_vrolikii,13,Labridae,Micro-invertivore,Reef,1,,,
Hazeus_nephodes,5,Gobiidae,Detritivore,Reef,1,,,
Helcogramma_striatum,4.3,Tripterygiidae,Planktivore,Reef,1,,,
Hemigymnus_fasciatus,80,Labridae,Macro-invertivore,Reef,1,,,
Hemigymnus_melapterus,90,Labridae,Macro-invertivore,Reef,1,,,
Hemitaurichthys_polylepis,18,Chaetodontidae,Planktivore,Reef,1,,,
Hemitaurichthys_polylepis,18,Chaetodontidae,Planktivore,Reef,1,,,
Hemitaurichthys_thompsoni,18,Chaetodontidae,Planktivore,Reef,1,,,
Hemitaurichthys_zoster,18,Chaetodontidae,Planktivore,Reef,1,,,
Heniochus_acuminatus,25,Chaetodontidae,Micro-invertivore,Reef,1,,,
Heniochus_chrysostomus,18,Chaetodontidae,Micro-invertivore,Reef,1,,,
Heniochus_chrysostomus,18,Chaetodontidae,Micro-invertivore,Reef,1,,,
Heniochus_diphreutes,21,Chaetodontidae,Micro-invertivore,Reef,1,,,
Heniochus_monoceros,24,Chaetodontidae,Micro-invertivore,Reef,1,,,
Heniochus_monoceros,24,Chaetodontidae,Micro-invertivore,Reef,1,,,
Heniochus_pleurotaenia,17,Chaetodontidae,Micro-invertivore,Reef,1,,,
Heniochus_singularius,30,Chaetodontidae,Corallivore,Reef,1,,,
Heniochus_singularius,30,Chaetodontidae,Corallivore,Reef,1,,,
Heniochus_singularius,30,Chaetodontidae,Corallivore,Reef,1,,,
Heniochus_sp,25,Chaetodontidae,Micro-invertivore,Reef,1,,,
Heniochus_sp,25,Chaetodontidae,Micro-invertivore,Reef,1,,,
Heniochus_varius,19,Chaetodontidae,Micro-invertivore,Reef,1,,,
Heteroconger_longissimus,51,Congridae,Planktivore,Reef,1,,,
Heteropriacanthus_cruentatus,50.7,Priacanthidae,Planktivore,Reef,1,,,
Hippocampus_erectus,19,Sygnathidae,Macro-invertivore,Reef,1,,,
Hipposcarus_harid,75,Scaridae,Excavator/scraper,Reef,1,,,
Hipposcarus_longiceps,60,Scaridae,Excavator/scraper,Reef,1,,,
Holacanthus_ciliaris,45,Pomacanthidae,Micro-invertivore,Reef,1,,,
Holacanthus_tricolor,35,Pomacanthidae,Micro-invertivore,Reef,1,,,
Holocentrus_adscensionis,61,Holocentridae,Planktivore,Nocturnal,0,,,
Holocentrus_rufus,35,Holocentridae,Planktivore,Nocturnal,0,,,
Hologymnosus_annulatus,40,Labridae,Pisci-invertivore,Reef,1,,,
Hologymnosus_doliatus,50,Labridae,Pisci-invertivore,Reef,1,,,
Hoplolatilus_starcki,15.5,Malacanthidae,Planktivore,Reef,1,,,
Hypleurochilus_caudovittatus,6,Gobiidae,Detritivore,Reef,1,,,
Hypoplectrus_chlorurus,12.7,Serranidae,Pisci-invertivore,Reef,1,,,
Hypoplectrus_guttavarius,13,Serranidae,Pisci-invertivore,Reef,1,,,
Hypoplectrus_indigo,14.3,Serranidae,Pisci-invertivore,Reef,1,,,
Hypoplectrus_nigricans,15.2,Serranidae,Pisci-invertivore,Reef,1,,,
Hypoplectrus_puella,15.2,Serranidae,Pisci-invertivore,Reef,1,,,
Hypoplectrus_sp,14,Serranidae,Pisci-invertivore,Reef,1,,,
Hypoplectrus_sp,14,Serranidae,Pisci-invertivore,Reef,1,,,
Hypoplectrus_unicolor,12.7,Serranidae,Pisci-invertivore,Reef,1,,,
Hyporhamphus_acutus,30,Hemiramphidae,Planktivore,Pelagic,0,,,
Iniistius_aneitensis,24,Labridae,Micro-invertivore,Reef,1,,,
Iniistius_pavo,41,Labridae,Micro-invertivore,Reef,1,,,
Iniistius_umbrilatus,17.5,Labridae,Micro-invertivore,Reef,1,,,
Istigobius_decoratus,13,Gobiidae,Detritivore,Reef,1,,,
Istigobius_sp,13,Gobiidae,Detritivore,Reef,1,,,
Itycirrhitus_wilhelmi,12,Cirrhitidae,Micro-invertivore,Reef,1,,,
Katsuwonus_pelamis,110,Scombridae,Piscivore,Pelagic,0,,,
Koumansetta_hectori,-999,Gobiidae,Detritivore,Reef,1,,,
Kuhlia_sandvicensis,21.4,Kuhliidae,Pisci-invertivore,Reef,1,,,
Kyphosus_bigibbus,75,Kyphosidae,Browser,Reef,1,,,
Kyphosus_cinerascens,50,Kyphosidae,Browser,Reef,1,,,
Kyphosus_hawaiiensis,41,Kyphosidae,Browser,Reef,1,,,
Kyphosus_pacificus,45,Kyphosidae,Browser,Reef,1,,,
Kyphosus_sandwicensis,75,Kyphosidae,Browser,Reef,1,,,
Kyphosus_sectatrix,76,Kyphosidae,Browser,Mangroves,0,,,
Kyphosus_sp,75,Kyphosidae,Browser,Reef,1,,,
Kyphosus_sp,75,Kyphosidae,Browser,Reef,1,,,
Kyphosus_sp,75,Kyphosidae,Browser,Reef,1,,,
Kyphosus_vaigiensis,70,Kyphosidae,Browser,Reef,1,,,
Labrichthys_unilineatus,17.5,Labridae,Corallivore,Reef,1,,,
Labrid_sp,14,Labridae,Micro-invertivore,Reef,1,,,
Labrid_sp,14,Labridae,Micro-invertivore,Reef,1,,,
Labrisomus_gobio,6.5,Labrisomidae,Micro-invertivore,Reef,1,,,
Labroides_bicolor,15,Labridae,Micro-invertivore,Reef,1,,,
Labroides_dimidiatus,14,Labridae,Micro-invertivore,Reef,1,,,
Labroides_pectoralis,11,Labridae,Micro-invertivore,Reef,1,,,
Labroides_phthirophagus,12,Labridae,Micro-invertivore,Reef,1,,,
Labroides_rubrolabiatus,9,Labridae,Micro-invertivore,Reef,1,,,
Labropsis_australis,10.5,Labridae,Corallivore,Reef,1,,,
Labropsis_polynesica,7.9,Labridae,Corallivore,Reef,1,,,
Labropsis_xanthonota,13,Labridae,Corallivore,Reef,1,,,
Lachnolaimus_maximus,91,Labridae,Macro-invertivore,Reef,1,,,
Lactophrys_bicaudalis,48,Ostraciidae,Micro-invertivore,Reef,1,,,
Lactophrys_trigonus,55,Ostraciidae,Micro-invertivore,Reef,1,,,
Lactophrys_triqueter,47,Ostraciidae,Micro-invertivore,Reef,1,,,
Lactoria_diaphana,34,Ostraciidae,Micro-invertivore,Reef,1,,,
Lactoria_fornasini,23,Ostraciidae,Micro-invertivore,Reef,1,,,
Larbichthys_unilineatus,17.5,Labridae,Corallivore,Reef,1,,,
Lepidozygus_tapeinosoma,10.5,Pomacentridae,Planktivore,Reef,1,,,
Leptoscarus_vaigiensis,35,Scaridae,Browser,Reef,1,,,
Lethrinus_enigmaticus,55,Lethrinidae,Pisci-invertivore,Reef,1,,,
Lethrinus_erythracanthus,70,Lethrinidae,Pisci-invertivore,Reef,1,,,
Lethrinus_harak,50,Lethrinidae,Pisci-invertivore,Reef,1,,,
Lethrinus_lentjan,52,Lethrinidae,Pisci-invertivore,Reef,1,,,
Lethrinus_mahsena,65,Lethrinidae,Pisci-invertivore,Reef,1,,,
Lethrinus_microdon,80,Lethrinidae,Pisci-invertivore,Reef,1,,,
Lethrinus_microdon,80,Lethrinidae,Pisci-invertivore,Reef,1,,,
Lethrinus_miniatus,90,Lethrinidae,Pisci-invertivore,Reef,1,,,
Lethrinus_nebulosus,87,Lethrinidae,Pisci-invertivore,Reef,1,,,
Lethrinus_obsoletus,60,Lethrinidae,Pisci-invertivore,Reef,1,,,
Lethrinus_olivaceous,100,Lethrinidae,Pisci-invertivore,Reef,1,,,
Lethrinus_olivaceus,100,Lethrinidae,Pisci-invertivore,Reef,1,,,
Lethrinus_rubrioperculatus,50,Lethrinidae,Pisci-invertivore,Reef,1,,,
Lethrinus_sp,70,Lethrinidae,Pisci-invertivore,Reef,1,,,
Lethrinus_xanthocheilus,70,Lethrinidae,Pisci-invertivore,Reef,1,,,
Lethrinus_xanthochilus,70,Lethrinidae,Pisci-invertivore,Reef,1,,,
Liopropoma_rubre,10,Serranidae,Macro-invertivore,Reef,1,,,
Lotilia_graciliosa,4.5,Gobiidae,Detritivore,Reef,1,,,
Lucayablennius_zingaro,3.8,Chaenopsidae,Detritivore,Reef,1,,,
Lutjanus_analis,94,Lutjanidae,Pisci-invertivore,Reef,1,,,
Lutjanus_apodus,67.2,Lutjanidae,Pisci-invertivore,Reef,1,,,
Lutjanus_argentimaculatus,150,Lutjanidae,Pisci-invertivore,Reef,1,,,
Lutjanus_bengalensis,30,Lutjanidae,Pisci-invertivore,Reef,1,,,
Lutjanus_biguttatus,25,Lutjanidae,Pisci-invertivore,Reef,1,,,
Lutjanus_bohar,90,Lutjanidae,Piscivore,Reef,1,,,
Lutjanus_carponotatus,40,Lutjanidae,Pisci-invertivore,Reef,1,,,
Lutjanus_cyanopterus,160,Lutjanidae,Pisci-invertivore,Reef,1,,,
Lutjanus_decussatus,35,Lutjanidae,Pisci-invertivore,Reef,1,,,
Lutjanus_ehrenbergii,35,Lutjanidae,Pisci-invertivore,Reef,1,,,
Lutjanus_fulviflamma,35,Lutjanidae,Pisci-invertivore,Reef,1,,,
Lutjanus_fulvus,40,Lutjanidae,Pisci-invertivore,Reef,1,,,
Lutjanus_gibbus,50,Lutjanidae,Pisci-invertivore,Reef,1,,,
Lutjanus_griseus,89,Lutjanidae,Pisci-invertivore,Reef,1,,,
Lutjanus_jocu,128,Lutjanidae,Pisci-invertivore,Reef,1,,,
Lutjanus_kasmira,40,Lutjanidae,Pisci-invertivore,Reef,1,,,
Lutjanus_lutjanus,35,Lutjanidae,Pisci-invertivore,Reef,1,,,
Lutjanus_mahogoni,48,Lutjanidae,Pisci-invertivore,Reef,1,,,
Lutjanus_maxweberi,15,Lutjanidae,Pisci-invertivore,Reef,1,,,
Lutjanus_monostigma,60,Lutjanidae,Pisci-invertivore,Reef,1,,,
Lutjanus_quinquelineatus,38,Lutjanidae,Pisci-invertivore,Reef,1,,,
Lutjanus_rivulatus,80,Lutjanidae,Pisci-invertivore,Reef,1,,,
Lutjanus_russeli,50,Lutjanidae,Pisci-invertivore,Reef,1,,,
Lutjanus_semicinctus,35,Lutjanidae,Pisci-invertivore,Reef,1,,,
Lutjanus_sp,55,Lutjanidae,Pisci-invertivore,Reef,1,,,
Lutjanus_sp,55,Lutjanidae,Pisci-invertivore,Reef,1,,,
Lutjanus_synagris,60,Lutjanidae,Pisci-invertivore,Reef,1,,,
Luzonichthys_sp,5.8,Serranidae,Planktivore,Reef,1,,,
Luzonichthys_whitleyi,5.8,Serranidae,Planktivore,Reef,1,,,
Macolor_macularis,60,Lutjanidae,Pisci-invertivore,Reef,1,,,
Macolor_niger,75,Lutjanidae,Pisci-invertivore,Reef,1,,,
Macolor_niger,75,Lutjanidae,Pisci-invertivore,Reef,1,,,
Macolor_sp,75,Lutjanidae,Pisci-invertivore,Reef,1,,,
Macropharyngodon_bipartitus,13,Labridae,Micro-invertivore,Reef,1,,,
Macropharyngodon_geoffroy,15,Labridae,Micro-invertivore,Reef,1,,,
Macropharyngodon_meleagris,15,Labridae,Micro-invertivore,Reef,1,,,
Macropharyngodon_sp,15,Labridae,Micro-invertivore,Reef,1,,,
Macropharyngodon_sp,15,Labridae,Micro-invertivore,Reef,1,,,
Malacanthus_brevirostris,32,Malacanthidae,Macro-invertivore,Reef,1,,,
Malacanthus_latovittatus,45,Malacanthidae,Macro-invertivore,Reef,1,,,
Malacanthus_plumieri,70,Malacanthidae,Macro-invertivore,Reef,1,,,
Malacoctenus_boehlkei,6.4,Labrisomidae,Micro-invertivore,Reef,1,,,
Malacoctenus_macropus,5.5,Labrisomidae,Micro-invertivore,Reef,1,,,
Malacoctenus_triangulatus,7.5,Labrisomidae,Micro-invertivore,Reef,1,,,
Manta_birostris,910,Mobulidae,Planktivore,Pelagic,0,,,
Meiacanthus_atrodorsalis,11,Blenniidae,Micro-invertivore,Reef,1,,,
Melichthys_indicus,25,Balistidae,Planktivore,Reef,1,,,
Melichthys_niger,50,Balistidae,Planktivore,Reef,1,,,
Melichthys_sp,37,Balistidae,Planktivore,Reef,1,,,
Melichthys_sp,37,Balistidae,Planktivore,Reef,1,,,
Melichthys_vidua,40,Balistidae,Planktivore,Reef,1,,,
Micrognathus_ensenadae,15,Sygnathidae,Macro-invertivore,Reef,1,,,
Microspathodon_chrysurus,21,Pomacentridae,Grazer,Reef,1,,,
Monacanthus_tuckeri,10,Monacanthidae,Micro-invertivore,Reef,1,,,
Monotaxis_grandoculis,60,Lethrinidae,Macro-invertivore,Reef,1,,,
Mulloidichthys_flavolineatus,43,Mullidae,Macro-invertivore,Reef,1,,,
Mulloidichthys_martinicus,39.4,Mullidae,Pisci-invertivore,Reef,1,,,
Mulloidichthys_mimicus,30,Mullidae,Pisci-invertivore,Reef,1,,,
Mulloidichthys_pfluegeri,40,Mullidae,Pisci-invertivore,Reef,1,,,
Mulloidichthys_vanicolensis,38,Mullidae,Pisci-invertivore,Reef,1,,,
Mycteroperca_bonaci,150,Serranidae,Piscivore,Reef,1,,,
Mycteroperca_interstitialis,84,Serranidae,Piscivore,Reef,1,,,
Mycteroperca_tigris,101,Serranidae,Piscivore,Reef,1,,,
Mycteroperca_venenosa,100,Serranidae,Piscivore,Reef,1,,,
Mycteroperce_institialis,84,Serranidae,Piscivore,Reef,1,,,
Myrichthys_breviceps,102,Ophichthidae,Pisci-invertivore,Reef,1,,,
Myrichthys_magnificus,78,Ophichthidae,Pisci-invertivore,Reef,1,,,
Myripristis_adusta,35,Holocentridae,Planktivore,Nocturnal,0,,,
Myripristis_amaena,26.5,Holocentridae,Planktivore,Nocturnal,0,,,
Myripristis_berndti,30,Holocentridae,Planktivore,Nocturnal,0,,,
Myripristis_chryseres,25,Holocentridae,Planktivore,Nocturnal,0,,,
Myripristis_earlei,24,Holocentridae,Planktivore,Nocturnal,0,,,
Myripristis_jacobus,25,Holocentridae,Planktivore,Nocturnal,0,,,
Myripristis_kuntee,26,Holocentridae,Planktivore,Nocturnal,0,,,
Myripristis_murdjan,60,Holocentridae,Planktivore,Nocturnal,0,,,
Myripristis_tiki,26.5,Holocentridae,Planktivore,Nocturnal,0,,,
Myripristis_violacea,35,Holocentridae,Planktivore,Nocturnal,0,,,
Myripristis_vittata,25,Holocentridae,Planktivore,Nocturnal,0,,,
Myripristis_woodsi,25,Holocentridae,Planktivore,Nocturnal,0,,,
Myrpristis_amaena,27,Holocentridae,Planktivore,Nocturnal,0,,,
Naso_annulatus,100,Acanthuridae,Planktivore,Reef,1,,,
Naso_brachycentron,90,Acanthuridae,Browser,Reef,1,,,
Naso_brevirostris,60,Acanthuridae,Planktivore,Reef,1,,,
Naso_brevirostris,60,Acanthuridae,Planktivore,Reef,1,,,
Naso_caesius,45.6,Acanthuridae,Planktivore,Reef,1,,,
Naso_hexacanthus,75,Acanthuridae,Planktivore,Reef,1,,,
Naso_lituratus,46,Acanthuridae,Browser,Reef,1,,,
Naso_lopezi,60,Acanthuridae,Planktivore,Reef,1,,,
Naso_maculatus,60,Acanthuridae,Planktivore,Reef,1,,,
Naso_sp,60,Acanthuridae,Planktivore,Reef,1,,,
Naso_thynnoides,40,Acanthuridae,Planktivore,Reef,1,,,
Naso_tonganus,60,Acanthuridae,Browser,Reef,1,,,
Naso_tuberosus,60,Acanthuridae,Planktivore,Reef,1,,,
Naso_unicornis,70,Acanthuridae,Browser,Reef,1,,,
Naso_vlamingii,60,Acanthuridae,Planktivore,Reef,1,,,
Naso_vlamingii,60,Acanthuridae,Planktivore,Reef,1,,,
Nebrius_ferrugineus,320,Ginglymostomatidae,Pisci-invertivore,Shark,0,,,
Nemanthias_carberryi,13,Serranidae,Planktivore,Reef,1,,,
Nemateleotris_helfrichi,6,Microdesmidae,Planktivore,Reef,1,,,
Nemateleotris_magnifica,9,Microdesmidae,Planktivore,Reef,1,,,
Neocirrhites_armatus,9,Cirrhitidae,Micro-invertivore,Reef,1,,,
Neoglyphidodon_melas,18,Pomacentridae,Micro-invertivore,Reef,1,,,
Neoglyphidodon_nigroris,13,Pomacentridae,Planktivore,Reef,1,,,
Neoiphon_marianus,18,Holocentridae,Pisci-invertivore,Nocturnal,0,,,
Neomyxus_leuciscus,46,Mugilidae,Detritivore,Reef,1,,,
Neoniphon_argenteus,24,Holocentridae,Pisci-invertivore,Nocturnal,0,,,
Neoniphon_aurolineatus,25,Holocentridae,Pisci-invertivore,Nocturnal,0,,,
Neoniphon_opercularis,35,Holocentridae,Pisci-invertivore,Nocturnal,0,,,
Neoniphon_sammara,32,Holocentridae,Pisci-invertivore,Nocturnal,0,,,
Neoniphon_sp,30,Holocentridae,Pisci-invertivore,Nocturnal,0,,,
Neopomacentrus_azysron,7.5,Pomacentridae,Planktivore,Reef,1,,,
Neopomacentrus_metallicus,6,Pomacentridae,Planktivore,Reef,1,,,
Nes_longus,10,Gobiidae,Detritivore,Reef,1,,,
Novaculichthys_taeniourus,30,Labridae,Macro-invertivore,Reef,1,,,
Ocyurus_chrysurus,86.3,Lutjanidae,Pisci-invertivore,Reef,1,,,
Odontoscion_dentex,30,Sciaenidae,Pisci-invertivore,Reef,1,,,
Odonus_niger,50,Balistidae,Planktivore,Reef,1,,,
Omobranchus_rotundiceps,10,Blenniidae,Detritivore,Reef,1,,,
Ophioblennius_macclurei,12.2,Blenniidae,Detritivore,Reef,1,,,
Ophioblennius_macclurei,12.2,Blenniidae,Detritivore,Reef,1,,,
Ophioblennius_macclurei,12.2,Blenniidae,Detritivore,Reef,1,,,
Opistognathus_aurifrons,10,Opistognathidae,Planktivore,Reef,1,,,
Oplegnathus_fasciatus,80,Oplegnathidae,Macro-invertivore,Reef,1,,,
Oplegnathus_punctatus,86,Oplegnathidae,Macro-invertivore,Reef,1,,,
Ostorhinchus_angustatus,11,Apogonidae,Planktivore,Reef,1,,,
Ostracion_cubicus,45,Ostraciidae,Micro-invertivore,Reef,1,,,
Ostracion_meleagris,25,Ostraciidae,Micro-invertivore,Reef,1,,,
Ostracion_solorensis,12,Ostraciidae,Micro-invertivore,Reef,1,,,
Ostracion_whitleyi,15.5,Ostraciidae,Micro-invertivore,Reef,1,,,
Oxycheilinus_arenatus,21,Labridae,Pisci-invertivore,Reef,1,,,
Oxycheilinus_bimaculatus,15,Labridae,Pisci-invertivore,Reef,1,,,
Oxycheilinus_celebicus,24,Labridae,Pisci-invertivore,Reef,1,,,
Oxycheilinus_digramma,40,Labridae,Pisci-invertivore,Reef,1,,,
Oxycheilinus_digramma,40,Labridae,Pisci-invertivore,Reef,1,,,
Oxycheilinus_digramma,40,Labridae,Pisci-invertivore,Reef,1,,,
Oxycheilinus_digramma,40,Labridae,Pisci-invertivore,Reef,1,,,
Oxycheilinus_orientalis,20,Labridae,Pisci-invertivore,Reef,1,,,
Oxycheilinus_rhodochrous,20,Labridae,Pisci-invertivore,Reef,1,,,
Oxycheilinus_sp,40,Labridae,Pisci-invertivore,Reef,1,,,
Oxycheilinus_unifasciatus,46,Labridae,Pisci-invertivore,Reef,1,,,
Oxycheilinus_unifasciatus,46,Labridae,Pisci-invertivore,Reef,1,,,
Oxycirrhites_typus,13,Cirrhitidae,Micro-invertivore,Reef,1,,,
Oxymonacanthus_longirostris,12,Monacanthidae,Micro-invertivore,Reef,1,,,
Oxymonacanthus_longirostris,12,Monacanthidae,Micro-invertivore,Reef,1,,,
Parablennius_marmoratus,15.2,Blenniidae,Detritivore,Reef,1,,,
Paracanthurus_hepatus,31,Acanthuridae,Planktivore,Reef,1,,,
Paracirrhites_arcatus,20,Cirrhitidae,Micro-invertivore,Reef,1,,,
Paracirrhites_forsteri,22,Cirrhitidae,Micro-invertivore,Reef,1,,,
Paracirrhites_hemistictus,29,Cirrhitidae,Micro-invertivore,Reef,1,,,
Paracirrhites_xanthus,10,Cirrhitidae,Micro-invertivore,Reef,1,,,
Paradiplogrammus_bairdi,11.4,Callionymidae,Micro-invertivore,Reef,1,,,
Paragobiodon_echinocephalus,4,Gobiidae,Detritivore,Reef,1,,,
Paraluteres_prionurus,11,Monacanthidae,Micro-invertivore,Reef,1,,,
Paranthias_furcifer,30,Serranidae,Planktivore,Reef,1,,,
Parapercis_clathrata,24,Pinguipedidae,Piscivore,Reef,1,,,
Parapercis_hexophtalma,29,Pinguipedidae,Piscivore,Reef,1,,,
Parapercis_hexophthalma,29,Pinguipedidae,Piscivore,Reef,1,,,
Parapercis_millepunctata,18,Pinguipedidae,Piscivore,Reef,1,,,
Parapercis_millipunctata,18,Pinguipedidae,Piscivore,Reef,1,,,
Parapercis_nebulosa,25,Pinguipedidae,Piscivore,Reef,1,,,
Parapercis_schauinslandi,18,Pinguipedidae,Piscivore,Reef,1,,,
Parapercis_schauinslandii,18,Pinguipedidae,Piscivore,Reef,1,,,
Parapercis_sp,20,Pinguipedidae,Piscivore,Reef,1,,,
Pareques_acuminatus,23,Sciaenidae,Macro-invertivore,Reef,1,,,
Parupeneus_barberinoides,30,Mullidae,Micro-invertivore,Reef,1,,,
Parupeneus_barberinus,60,Mullidae,Macro-invertivore,Reef,1,,,
Parupeneus_barberinus,60,Mullidae,Macro-invertivore,Reef,1,,,
Parupeneus_bifasciatus,35,Mullidae,Macro-invertivore,Reef,1,,,
Parupeneus_chrysonemus,19.6,Mullidae,Micro-invertivore,Reef,1,,,
Parupeneus_ciliatus,38,Mullidae,Micro-invertivore,Reef,1,,,
Parupeneus_crassilabris,38,Mullidae,Macro-invertivore,Reef,1,,,
Parupeneus_cyclostomus,50,Mullidae,Pisci-invertivore,Reef,1,,,
Parupeneus_indicus,45,Mullidae,Macro-invertivore,Reef,1,,,
Parupeneus_insularis,30,Mullidae,Macro-invertivore,Reef,1,,,
Parupeneus_macronemus,40,Mullidae,Macro-invertivore,Reef,1,,,
Parupeneus_macronemus,40,Mullidae,Macro-invertivore,Reef,1,,,
Parupeneus_multifasciatus,35,Mullidae,Macro-invertivore,Reef,1,,,
Parupeneus_multifasciatus,35,Mullidae,Macro-invertivore,Reef,1,,,
Parupeneus_orientalis,24.9,Mullidae,Macro-invertivore,Reef,1,,,
Parupeneus_pleurostigma,33,Mullidae,Macro-invertivore,Reef,1,,,
Parupeneus_porphyreus,51,Mullidae,Pisci-invertivore,Reef,1,,,
Parupeneus_rubescens,43,Mullidae,Macro-invertivore,Reef,1,,,
Parupeneus_trifasciatus,35,Mullidae,Macro-invertivore,Reef,1,,,
Pempheris_oualensis,22,Pempheridae,Planktivore,Reef,1,,,
Pempheris_schomburgki,15,Pempheridae,Planktivore,Reef,1,,,
Pempheris_vanicolensis,20,Pempheridae,Planktivore,Reef,1,,,
Pervagor_aspricaudus,13,Monacanthidae,Micro-invertivore,Reef,1,,,
Pervagor_janthinosoma,13,Monacanthidae,Micro-invertivore,Reef,1,,,
Pervagor_marginalis,6.2,Monacanthidae,Micro-invertivore,Reef,1,,,
Pervagor_melanocephalus,16,Monacanthidae,Micro-invertivore,Reef,1,,,
Pervagor_sp,10,Monacanthidae,Micro-invertivore,Reef,1,,,
Pervagor_spilosoma,18,Monacanthidae,Micro-invertivore,Reef,1,,,
Phaeoptyx_xenus,7.5,Apogonidae,Planktivore,Reef,1,,,
Plagiotremus_ewaensis,10.2,Blenniidae,Micro-invertivore,Reef,1,,,
Plagiotremus_goslinei,6.3,Blenniidae,Micro-invertivore,Reef,1,,,
Plagiotremus_laudandus,8,Blenniidae,Micro-invertivore,Reef,1,,,
Plagiotremus_rhinorhynchos,12,Blenniidae,Micro-invertivore,Reef,1,,,
Plagiotremus_taepinosoma,14,Blenniidae,Micro-invertivore,Reef,1,,,
Plagiotremus_tapeinosoma,14,Blenniidae,Micro-invertivore,Reef,1,,,
Platax_batavianus,65,Ephippidae,NA,Pelagic,0,,,
Platax_orbicularis,60,Ephippidae,NA,Pelagic,0,,,
Platax_sp,60,Ephippidae,NA,Pelagic,0,,,
Platax_sp,60,Ephippidae,NA,Pelagic,0,,,
Platax_teira,70,Ephippidae,NA,Pelagic,0,,,
Platybelone_argalus,50,Belonidae,Piscivore,Pelagic,0,,,
Plectorhinchus_albovittatus,100,Haemulidae,Pisci-invertivore,Reef,1,,,
Plectorhinchus_chaetodonoides,72,Haemulidae,Micro-invertivore,Reef,1,,,
Plectorhinchus_flavomaculatus,60,Haemulidae,Micro-invertivore,Reef,1,,,
Plectorhinchus_gibbosus,75,Haemulidae,Micro-invertivore,Reef,1,,,
Plectorhinchus_orientalis,86,Haemulidae,Micro-invertivore,Reef,1,,,
Plectorhinchus_pictus,83,Haemulidae,Micro-invertivore,Reef,1,,,
Plectorhinchus_picus,84,Haemulidae,Micro-invertivore,Reef,1,,,
Plectorhinchus_schotaf,80,Haemulidae,Micro-invertivore,Reef,1,,,
Plectorhinchus_vittatus,72,Haemulidae,Micro-invertivore,Reef,1,,,
Plectroglyphidodon_dickii,11,Pomacentridae,Micro-invertivore,Reef,1,,,
Plectroglyphidodon_flaviventris,7,Pomacentridae,Micro-invertivore,Reef,1,,,
Plectroglyphidodon_imparipennis,6,Pomacentridae,Micro-invertivore,Reef,1,,,
Plectroglyphidodon_johnstonianus,14,Pomacentridae,Corallivore,Reef,1,,,
Plectroglyphidodon_lacrymatus,10,Pomacentridae,Grazer,Reef,1,,,
Plectroglyphidodon_leucozonus,12,Pomacentridae,Grazer,Reef,1,,,
Plectroglyphidodon_phoenixensis,9,Pomacentridae,Grazer,Reef,1,,,
Plectroglyphidodon_sindonis,10,Pomacentridae,Grazer,Reef,1,,,
Plectropomus_areolatus,80,Serranidae,Piscivore,Reef,1,,,
Plectropomus_laevis,125,Serranidae,Piscivore,Reef,1,,,
Plectropomus_leopardus,120,Serranidae,Piscivore,Reef,1,,,
Plectropomus_leopardus,120,Serranidae,Piscivore,Reef,1,,,
Plectropomus_maculatus,125,Serranidae,Piscivore,Reef,1,,,
Plectropomus_pessuliferus,120,Serranidae,Piscivore,Reef,1,,,
Plectropomus_punctatus,96,Serranidae,Piscivore,Reef,1,,,
Plectrypops_retrospinis,15,Holocentridae,Pisci-invertivore,Nocturnal,0,,,
Pogonoperca_punctata,35,Serranidae,Piscivore,Reef,1,,,
Pomacanthus_arcuatus,60,Pomacanthidae,Spongivore,Reef,1,,,
Pomacanthus_imperator,40,Pomacanthidae,Spongivore,Reef,1,,,
Pomacanthus_navarchus,28,Pomacanthidae,Spongivore,Reef,1,,,
Pomacanthus_paru,41.1,Pomacanthidae,Spongivore,Reef,1,,,
Pomacanthus_semicirculatus,40,Pomacanthidae,Spongivore,Reef,1,,,
Pomacanthus_sextriatus,46,Pomacanthidae,Spongivore,Reef,1,,,
Pomacentrus_adelus,8.5,Pomacentridae,Planktivore,Reef,1,,,
Pomacentrus_amboinensis,9,Pomacentridae,Spongivore,Reef,1,,,
Pomacentrus_bankanensis,9,Pomacentridae,Spongivore,Reef,1,,,
Pomacentrus_brachialis,8,Pomacentridae,Planktivore,Reef,1,,,
Pomacentrus_caeruleus,10,Pomacentridae,Planktivore,Reef,1,,,
Pomacentrus_coelestis,9,Pomacentridae,Planktivore,Reef,1,,,
Pomacentrus_indicus,11,Pomacentridae,Spongivore,Reef,1,,,
Pomacentrus_lepidogenys,9,Pomacentridae,Planktivore,Reef,1,,,
Pomacentrus_moluccensis,9,Pomacentridae,Spongivore,Reef,1,,,
Pomacentrus_nagasakiensis,11,Pomacentridae,Planktivore,Reef,1,,,
Pomacentrus_pavo,8.5,Pomacentridae,Spongivore,Reef,1,,,
Pomacentrus_philippinus,10,Pomacentridae,Planktivore,Reef,1,,,
Pomacentrus_sp,10,Pomacentridae,Spongivore,Reef,1,,,
Pomacentrus_sp,10,Pomacentridae,Spongivore,Reef,1,,,
Pomacentrus_sp,11,Pomacentridae,Micro-invertivore,Reef,1,,,
Pomacentrus_sulfureus,11,Pomacentridae,Spongivore,Reef,1,,,
Pomacentrus_trilineatus,10,Pomacentridae,Spongivore,Reef,1,,,
Pomacentrus_vaiuli,10,Pomacentridae,Spongivore,Reef,1,,,
Pomacentrus_wardi,8,Pomacentridae,Grazer,Reef,1,,,
Pomachromis_guamensis,4.5,Pomacentridae,Planktivore,Reef,1,,,
Pomachromis_richardsoni,6,Pomacentridae,Planktivore,Reef,1,,,
Pomochromis_fuscidorsalis,6,Pomacentridae,Planktivore,Reef,1,,,
Priacanthus_arenatus,50,Holocentridae,Pisci-invertivore,Nocturnal,0,,,
Priacanthus_hamrur,45,Priacanthidae,Pisci-invertivore,Reef,1,,,
Priacanthus_meeki,33,Priacanthidae,Pisci-invertivore,Reef,1,,,
Priacanthus_sp,33,Priacanthidae,Pisci-invertivore,Reef,1,,,
Priolepis_eugenius,5.6,Gobiidae,Detritivore,Reef,1,,,
Priolepis_hipoliti,4,Gobiidae,Detritivore,Reef,1,,,
Prognathodes_aculeatus,10,Chaetodontidae,Micro-invertivore,Reef,1,,,
Pseudanthias_bartlettorum,9,Serranidae,Planktivore,Reef,1,,,
Pseudanthias_bicolor,13,Serranidae,Planktivore,Reef,1,,,
Pseudanthias_carburyi,12,Serranidae,Planktivore,Reef,1,,,
Pseudanthias_cooperi,14,Serranidae,Planktivore,Reef,1,,,
Pseudanthias_dispar,9.5,Serranidae,Planktivore,Reef,1,,,
Pseudanthias_evansi,12,Serranidae,Planktivore,Reef,1,,,
Pseudanthias_mooreanus,7.2,Serranidae,Planktivore,Reef,1,,,
Pseudanthias_olivaceus,8.8,Serranidae,Planktivore,Reef,1,,,
Pseudanthias_pascalus,20,Serranidae,Planktivore,Reef,1,,,
Pseudanthias_squamipinnis,15,Serranidae,Planktivore,Reef,1,,,
Pseudanthias_thompsoni,22,Serranidae,Planktivore,Reef,1,,,
Pseudanthias_tuka,12,Labridae,Planktivore,Reef,1,,,
Pseudanthias_ventralis,7,Serranidae,Planktivore,Reef,1,,,
Pseudobalistes_flavimarginatus,60,Balistidae,Macro-invertivore,Reef,1,,,
Pseudobalistes_fuscus,55,Balistidae,Macro-invertivore,Reef,1,,,
Pseudocaranx_dentex,122,Carangidae,Piscivore,Pelagic,0,,,
Pseudocheilinus_citrinus,6.6,Labridae,Micro-invertivore,Reef,1,,,
Pseudocheilinus_evanidus,9,Labridae,Micro-invertivore,Reef,1,,,
Pseudocheilinus_hexataenia,10,Labridae,Micro-invertivore,Reef,1,,,
Pseudocheilinus_octotaenia,14,Labridae,Micro-invertivore,Reef,1,,,
Pseudocheilinus_tetrataenia,7.5,Labridae,Micro-invertivore,Reef,1,,,
Pseudocoris_aurantiofasciata,20,Labridae,Planktivore,Reef,1,,,
Pseudocoris_heteroptera,20,Labridae,Planktivore,Reef,1,,,
Pseudocoris_yamashiroi,16,Labridae,Planktivore,Reef,1,,,
Pseudodax_moluccanus,30,Labridae,Micro-invertivore,Reef,1,,,
Pseudojuloides_atavai,13,Labridae,Micro-invertivore,Reef,1,,,
Pseudojuloides_cerasinus,12.3,Labridae,Micro-invertivore,Reef,1,,,
Pseudolabrus_fuentesi,16.5,Labridae,Micro-invertivore,Reef,1,,,
Pseudolabrus_fuentesi,16.5,Labridae,Micro-invertivore,Reef,1,,,
Pseudolabrus_semifasciatus,25,Labridae,Micro-invertivore,Reef,1,,,
Pseudopeneus_maculatus,30,Mullidae,Macro-invertivore,Reef,1,,,
Psilogobius_mainlandi,3.7,Gobiidae,Detritivore,Reef,1,,,
Pteragogus_cryptus,9.5,Labridae,Micro-invertivore,Reef,1,,,
Pteragogus_enneacanthus,15,Labridae,Micro-invertivore,Reef,1,,,
Ptereleotris_evides,14,Microdesmidae,Planktivore,Reef,1,,,
Ptereleotris_heteroptera,14,Microdesmidae,Planktivore,Reef,1,,,
Ptereleotris_microlepis,13,Microdesmidae,Planktivore,Reef,1,,,
Ptereleotris_zebra,12,Microdesmidae,Planktivore,Reef,1,,,
Pterocaesio _trilineata,20,Caesionidae,Planktivore,Pelagic,0,,,
Pterocaesio_lativittata,23,Caesionidae,Planktivore,Pelagic,0,,,
Pterocaesio_marri,35,Caesionidae,Planktivore,Pelagic,0,,,
Pterocaesio_pisang,21,Caesionidae,Planktivore,Pelagic,0,,,
Pterocaesio_tile,30,Caesionidae,Planktivore,Pelagic,0,,,
Pterocaesio_trilineata,20,Caesionidae,Planktivore,Pelagic,0,,,
Pterois_antennata,20,Scorpaenidae,Pisci-invertivore,Reef,1,,,
Pterois_sp,20,Scorpaenidae,Pisci-invertivore,Reef,1,,,
Pterois_sphex,22,Scorpaenidae,Pisci-invertivore,Reef,1,,,
Pterois_volitans,38,Scorpaenidae,Pisci-invertivore,Reef,1,,,
Pygoplites_diacanthus,25,Pomacanthidae,Spongivore,Reef,1,,,
Rastrelliger_kanagurta,38,Scombridae,Planktivore,Pelagic,0,,,
Rhinecanthus_aculeatus,30,Balistidae,Micro-invertivore,Reef,1,,,
Rhinecanthus_cinereus,16.5,Balistidae,Micro-invertivore,Reef,1,,,
Rhinecanthus_lunula,28,Balistidae,Micro-invertivore,Reef,1,,,
Rhinecanthus_rectangulus,30,Balistidae,Micro-invertivore,Reef,1,,,
Rypticus_saponaceus,35,Serranidae,Pisci-invertivore,Reef,1,,,
Sanopus_greenfieldorum,35,Batrachoididae,Piscivore,Reef,1,,,
Sargocentron_bullisi,13,Holocentridae,Pisci-invertivore,Nocturnal,0,,,
Sargocentron_caudimaculatum,25,Holocentridae,Pisci-invertivore,Nocturnal,0,,,
Sargocentron_diadema,17,Holocentridae,Pisci-invertivore,Nocturnal,0,,,
Sargocentron_ensifer,23,Holocentridae,Pisci-invertivore,Nocturnal,0,,,
Sargocentron_microstoma,20,Holocentridae,Pisci-invertivore,Nocturnal,0,,,
Sargocentron_punctatissimum,23,Holocentridae,Pisci-invertivore,Nocturnal,0,,,
Sargocentron_sp,20,Holocentridae,Pisci-invertivore,Nocturnal,0,,,
Sargocentron_spiniferum,51,Holocentridae,Pisci-invertivore,Nocturnal,0,,,
Sargocentron_tiere,33,Holocentridae,Pisci-invertivore,Nocturnal,0,,,
Sargocentron_vexillarium,18,Holocentridae,Pisci-invertivore,Nocturnal,0,,,
Sargocentron_wilhelmi,19.5,Holocentridae,Pisci-invertivore,Nocturnal,0,,,
Sargocentron_xantherythrum,17,Holocentridae,Pisci-invertivore,Nocturnal,0,,,
Sargocentrun_corsuscum,15,Holocentridae,Pisci-invertivore,Nocturnal,0,,,
Saurida_flamma,30.5,Synodontidae,Piscivore,Reef,1,,,
Saurida_gracilis,32,Synodontidae,Piscivore,Reef,1,,,
Scarus_altipinnis,60,Scaridae,Excavator/scraper,Reef,1,,,
Scarus_altrilunula,60,Scaridae,Excavator/scraper,Reef,1,,,
Scarus_caudofasciatus,50,Scaridae,Excavator/scraper,Reef,1,,,
Scarus_chameleon,31,Scaridae,Excavator/scraper,Reef,1,,,
Scarus_coelestinus,77,Scaridae,Excavator/scraper,Reef,1,,,
Scarus_coeruleus,120,Scaridae,Excavator/scraper,Reef,1,,,
Scarus_dimidiatus,40,Scaridae,Excavator/scraper,Reef,1,,,
Scarus_dubius,35.6,Scaridae,Excavator/scraper,Reef,1,,,
Scarus_falcipinnis,60,Scaridae,Excavator/scraper,Reef,1,,,
Scarus_festivus,45,Scaridae,Excavator/scraper,Reef,1,,,
Scarus_flavipectoralis,40,Scaridae,Excavator/scraper,Reef,1,,,
Scarus_forsteni,55,Scaridae,Excavator/scraper,Reef,1,,,
Scarus_forsteni,55,Scaridae,Excavator/scraper,Reef,1,,,
Scarus_frenatus,47,Scaridae,Excavator/scraper,Reef,1,,,
Scarus_frenatus,47,Scaridae,Excavator/scraper,Reef,1,,,
Scarus_fuscocaudalis,25,Scaridae,Excavator/scraper,Reef,1,,,
Scarus_ghobban,90,Scaridae,Excavator/scraper,Reef,1,,,
Scarus_globiceps,27,Scaridae,Excavator/scraper,Reef,1,,,
Scarus_guacamaia,120,Scaridae,Excavator/scraper,Reef,1,,,
Scarus_iserti,35,Scaridae,Excavator/scraper,Reef,1,,,
Scarus_japanensis,31,Scaridae,Excavator/scraper,Reef,1,,,
Scarus_longipinnis,40,Scaridae,Excavator/scraper,Reef,1,,,
Scarus_niger,40,Scaridae,Excavator/scraper,Reef,1,,,
Scarus_oviceps,35,Scaridae,Excavator/scraper,Reef,1,,,
Scarus_prasiognathos,70,Scaridae,Excavator/scraper,Reef,1,,,
Scarus_psittacus,30,Scaridae,Excavator/scraper,Reef,1,,,
Scarus_rivulatus,40,Scaridae,Excavator/scraper,Reef,1,,,
Scarus_rubroviolaceus,70,Scaridae,Excavator/scraper,Reef,1,,,
Scarus_scaber,37,Scaridae,Excavator/scraper,Reef,1,,,
Scarus_schlegeli,40,Scaridae,Excavator/scraper,Reef,1,,,
Scarus_sp,50,Scaridae,Excavator/scraper,Reef,1,,,
Scarus_sp,50,Scaridae,Excavator/scraper,Reef,1,,,
Scarus_sp,50,Scaridae,Excavator/scraper,Reef,1,,,
Scarus_sp,50,Scaridae,Excavator/scraper,Reef,1,,,
Scarus_spinus,30,Scaridae,Excavator/scraper,Reef,1,,,
Scarus_taeniopterus,35,Scaridae,Excavator/scraper,Reef,1,,,
Scarus_tricolor,26.6,Scaridae,Excavator/scraper,Reef,1,,,
Scarus_vetula,61,Scaridae,Excavator/scraper,Reef,1,,,
Scarus_viridifucatus,45,Scaridae,Excavator/scraper,Reef,1,,,
Scarus_xanthopleura,54,Scaridae,Excavator/scraper,Reef,1,,,
Scolopsis_bilineata,25,Nemipteridae,Micro-invertivore,Reef,1,,,
Scolopsis_bilineata,25,Nemipteridae,Micro-invertivore,Reef,1,,,
Scolopsis_ciliata,25,Nemipteridae,Micro-invertivore,Reef,1,,,
Scolopsis_frenatus,26,Nemipteridae,Micro-invertivore,Reef,1,,,
Scolopsis_lineata,25,Nemipteridae,Micro-invertivore,Reef,1,,,
Scolopsis_lineata,25,Nemipteridae,Micro-invertivore,Reef,1,,,
Scolopsis_margaritifera,28,Nemipteridae,Micro-invertivore,Reef,1,,,
Scolopsis_trilineatus,26,Nemipteridae,Micro-invertivore,Reef,1,,,
Scomberoides_lysan,110,Carangidae,Piscivore,Pelagic,0,,,
Scomberomorus_commerson,240,Scombridae,Piscivore,Pelagic,0,,,
Scomberomorus_regalis,183,Scombridae,Piscivore,Pelagic,0,,,
Scorpaena_grandicornis,30,Scorpaenidae,Pisci-invertivore,Reef,1,,,
Scorpaena_orgila,38,Scorpaenidae,Pisci-invertivore,Reef,1,,,
Scorpaena_plumieri,45,Scorpaenidae,Pisci-invertivore,Reef,1,,,
Scorpaenodes_caribbaeus,12,Scorpaenidae,Micro-invertivore,Reef,1,,,
Scorpaenodes_kelloggi,5,Scorpaenidae,Micro-invertivore,Reef,1,,,
Scorpaenodes_parvipinnis,14,Scorpaenidae,Micro-invertivore,Reef,1,,,
Scorpaenopsis_cacopsis,51,Scorpaenidae,Piscivore,Reef,1,,,
Scorpaenopsis_diabolus,30,Scorpaenidae,Pisci-invertivore,Reef,1,,,
Scorpaenopsis_oxycephala,36,Scorpaenidae,Pisci-invertivore,Reef,1,,,
Scorpaenopsis_sp,30,Scorpaenidae,Pisci-invertivore,Reef,1,,,
Scuticaria_tigrinus,120,Muraenidae,Piscivore,Reef,1,,,
Sebastapistes_coniorta,10,Scorpaenidae,Micro-invertivore,Reef,1,,,
Sebastapistes_cyanostigma,10,Scorpaenidae,Micro-invertivore,Reef,1,,,
Sebastapistes_sp,10,Scorpaenidae,Micro-invertivore,Reef,1,,,
Sectator_ocyurus,59,Kyphosidae,NA,Pelagic,0,,,
Selar_crumenophthalmus,70,Carangidae,NA,Pelagic,0,,,
Seriola_dumerili,190,Carangidae,Piscivore,Pelagic,0,,,
Serranus_baldwini,12,Serranidae,Pisci-invertivore,Reef,1,,,
Serranus_tabacarius,22,Serranidae,Pisci-invertivore,Reef,1,,,
Serranus_tigrinus,29,Serranidae,Macro-invertivore,Reef,1,,,
Serranus_tigrinus ,101,Serranidae,Macro-invertivore,Reef,1,,,
Serranus_tortugarum,8,Serranidae,Planktivore,Reef,1,,,
Siganus_argenteus,40,Siganidae,Grazer,Reef,1,,,
Siganus_corallinus,35,Siganidae,Grazer,Reef,1,,,
Siganus_doliatus,25,Siganidae,Grazer,Reef,1,,,
Siganus_guttatus,42,Siganidae,Grazer,Reef,1,,,
Siganus_lineatus,43,siganidae,Grazer,Reef,1,,,
Siganus_puelloides,31,Siganidae,Grazer,Reef,1,,,
Siganus_puellus,38,Siganidae,Grazer,Reef,1,,,
Siganus_punctatus,40,Siganidae,Grazer,Reef,1,,,
Siganus_spinus,28,Siganidae,Grazer,Reef,1,,,
Siganus_stellatus,40,Siganidae,Grazer,Reef,1,,,
Siganus_sutor,45,Siganidae,Grazer,Reef,1,,,
Siganus_uspi,24,Siganidae,Grazer,Reef,1,,,
Siganus_vulpinus,25,Siganidae,Grazer,Reef,1,,,
Sparisoma_atomarium,25,Scaridae,Excavator/scraper,Reef,1,,,
Sparisoma_aurofrenatum,28,Scaridae,Excavator/scraper,Reef,1,,,
Sparisoma_chrysopterum,46,Scaridae,Excavator/scraper,Reef,1,,,
Sparisoma_rubripinne,47.8,Scaridae,Excavator/scraper,Reef,1,,,
Sparisoma_rubripinne,47.8,Scaridae,Excavator/scraper,Reef,1,,,
Sparisoma_viride,64,Scaridae,Excavator/scraper,Reef,1,,,
Sphoeroides_sphengleri,30,Tetraodontidae,Macro-invertivore,Reef,1,,,
Sphyraena_barracuda,200,Sphyraenidae,Piscivore,Pelagic,0,,,
Sphyraena_helleri,80,Sphyraenidae,Piscivore,Pelagic,0,,,
Sphyraena_picudilla,61,Sphyraenidae,Piscivore,Pelagic,0,,,
Sphyraena_qenie,170,Sphyraenidae,Piscivore,Pelagic,0,,,
Sphyrna_lewini,430,Sphyrnidae,Piscivore,Pelagic,0,,,
Spratelloides_delicatulus,7,Clupeidae,NA,Pelagic,0,,,
Starksia_nanodes,2.2,Labrisomidae,Detritivore,Reef,1,,,
Stegastes_adustus,15,Pomacentridae,Grazer,Reef,1,,,
Stegastes_albifasciatus,13,Pomacentridae,Grazer,Reef,1,,,
Stegastes_apicalis,15,Pomacentridae,Grazer,Reef,1,,,
Stegastes_aureus,11,Pomacentridae,Grazer,Reef,1,,,
Stegastes_diencaeus,12.5,Pomacentridae,Grazer,Reef,1,,,
Stegastes_emeryi,10,Pomacentridae,Grazer,Reef,1,,,
Stegastes_fasciolatus,16.5,Pomacentridae,Grazer,Reef,1,,,
Stegastes_leucostictus,10,Pomacentridae,Grazer,Reef,1,,,
Stegastes_lividus,13,Pomacentridae,Grazer,Reef,1,,,
Stegastes_nigricans,14,Pomacentridae,Grazer,Reef,1,,,
Stegastes_partitus,10,Pomacentridae,Grazer,Reef,1,,,
Stegastes_planifrons,13,Pomacentridae,Grazer,Reef,1,,,
Stegastes_sp,13,Pomacentridae,Grazer,Reef,1,,,
Stegastes_variabilis,12.5,Pomacentridae,Grazer,Reef,1,,,
Stethojulis_albovittata,14,Labridae,Micro-invertivore,Reef,1,,,
Stethojulis_balteata,15,Labridae,Micro-invertivore,Reef,1,,,
Stethojulis_bandanensis,15,Labridae,Micro-invertivore,Reef,1,,,
Stethojulis_bandanensis,15,Labridae,Micro-invertivore,Reef,1,,,
Stethojulis_strigiventer,15,Labridae,Micro-invertivore,Reef,1,,,
Stethojulis_trilineata,15,Labridae,Micro-invertivore,Reef,1,,,
Strongylura_notata,61,Belonidae,Piscivore,Pelagic,0,,,
Sufflamen_bursa,25,Balistidae,Micro-invertivore,Reef,1,,,
Sufflamen_chrysopterum,30,Balistidae,Micro-invertivore,Reef,1,,,
Sufflamen_fraenatum,38,Balistidae,Micro-invertivore,Reef,1,,,
Sufflamen_fraenatus,38,Balistidae,Micro-invertivore,Reef,1,,,
Sufflamen_frenatus,38,Balistidae,Micro-invertivore,Reef,1,,,
Syacium_micrurum,40,Paralichthyidae,Micro-invertivore,Reef,1,,,
Synchiropus_stellatus,7.5,Callionymidae,Micro-invertivore,Reef,1,,,
Synodus_binotatus,18,Synodontidae,Piscivore,Reef,1,,,
Synodus_capricornis,21,Synodontidae,Piscivore,Reef,1,,,
Synodus_dermatogenys,24,Synodontidae,Piscivore,Reef,1,,,
Synodus_intermedius,46,Synodontidae,Piscivore,Reef,1,,,
Synodus_lobeli,23.4,Synodontidae,Piscivore,Reef,1,,,
Synodus_saurus,40,Synodontidae,Piscivore,Reef,1,,,
Synodus_sp,40,Synodontidae,Piscivore,Reef,1,,,
Synodus_sp,40,Synodontidae,Piscivore,Reef,1,,,
Synodus_ulae,30,Synodontidae,Piscivore,Reef,1,,,
Synodus_variegatus,40,Synodontidae,Piscivore,Reef,1,,,
Taenianotus_triacanthus,10,Scorpaenidae,Piscivore,Reef,1,,,
Taeniura_meyeni,330,Dasyatidae,Pisci-invertivore,Reef,1,,,
Thalassoma_amblycephalum,16,Labridae,Micro-invertivore,Reef,1,,,
Thalassoma_ballieui,39.5,Labridae,Micro-invertivore,Reef,1,,,
Thalassoma_bifasciatum,25,Labridae,Micro-invertivore,Reef,1,,,
Thalassoma_duperrey,28,Labridae,Micro-invertivore,Reef,1,,,
Thalassoma_duperrey,28,Labridae,Micro-invertivore,Reef,1,,,
Thalassoma_duperrey,28,Labridae,Micro-invertivore,Reef,1,,,
Thalassoma_hardwicke,20,Labridae,Micro-invertivore,Reef,1,,,
Thalassoma_hardwicke,20,Labridae,Micro-invertivore,Reef,1,,,
Thalassoma_hebraicum,23,Labridae,Micro-invertivore,Reef,1,,,
Thalassoma_heiseri,11.6,Labridae,Micro-invertivore,Reef,1,,,
Thalassoma_jansenii,20,Labridae,Micro-invertivore,Reef,1,,,
Thalassoma_jansenii,20,Labridae,Micro-invertivore,Reef,1,,,
Thalassoma_lunare,45,Labridae,Micro-invertivore,Reef,1,,,
Thalassoma_lutescens,30,Labridae,Micro-invertivore,Reef,1,,,
Thalassoma_purpureum,46,Labridae,Micro-invertivore,Reef,1,,,
Thalassoma_quinquevittatum,17,Labridae,Micro-invertivore,Reef,1,,,
Thalassoma_quinquevittatum,17,Labridae,Micro-invertivore,Reef,1,,,
Thalassoma_sp,35,Labridae,Micro-invertivore,Reef,1,,,
Thalassoma_sp,35,Labridae,Micro-invertivore,Reef,1,,,
Thalassoma_sp,35,Labridae,Micro-invertivore,Reef,1,,,
Thalassoma_trilobatum,30,Labridae,Micro-invertivore,Reef,1,,,
Thunnus_albacares,239,Scombridae,Piscivore,Pelagic,0,,,
Trachinocephalus_myops,40,Synodontidae,Piscivore,Reef,1,,,
Trachinotus_bailloni,60,Carangidae,Pisci-invertivore,Pelagic,0,,,
Trachinotus_bailloni,60,Carangidae,Pisci-invertivore,Pelagic,0,,,
Trachinotus_blochii,110,Carangidae,Pisci-invertivore,Pelagic,0,,,
Trachinotus_falcatus,122,Carangidae,Pisci-invertivore,Pelagic,0,,,
Trachinotus_sp,120,Carangidae,Pisci-invertivore,Pelagic,0,,,
Trachinotus_sp,120,Carangidae,Pisci-invertivore,Pelagic,0,,,
Triaenodon_obesus,213,Carcharhinidae,Piscivore,Unknown,0,,,
Tylosurus_crocodilus,150,Belonidae,Piscivore,Pelagic,0,,,
UNKNOWN_UNKNOWN,0,Labridae,NA,Unk,0,,,
UNKNOWN_UNKNOWN,0,Labridae,NA,Unk,0,,,
UNKNOWN_UNKNOWN,0,Labridae,NA,Unk,0,,,
UNKNOWN_UNKNOWN,0,Labridae,NA,Unk,0,,,
Upeneus_arge,36.5,Mullidae,Pisci-invertivore,Reef,1,,,
Upeneus_moluccensis,22,Mullidae,Pisci-invertivore,Reef,1,,,
Upeneus_moluccensis,22,Mullidae,Macro-invertivore,Reef,1,,,
Urolophus_jamaicensis,76,Urolophidae,Micro-invertivore,Reef,1,,,
Valenciennea_strigata,18,Gobiidae,Detritivore,Reef,1,,,
Variola_albimarginata,65,Serranidae,Piscivore,Reef,1,,,
Variola_louti,83,Serranidae,Piscivore,Reef,1,,,
Xanthichthys_auromarginatus,30,Balistidae,Planktivore,Reef,1,,,
Xanthichthys_caeruleolineatus,35,Balistidae,Planktivore,Reef,1,,,
Xanthichthys_mento,30,Balistidae,Planktivore,Reef,1,,,
Xyrichtys_aneitensis,24,Labridae,Micro-invertivore,Reef,1,,,
Xyrichtys_baldwini,20,Labridae,Micro-invertivore,Reef,1,,,
Xyrichtys_pavo,41,Labridae,Micro-invertivore,Reef,1,,,
Xyrichtys_umbrilatus,17.5,Labridae,Micro-invertivore,Reef,1,,,
Zanclus_cornutus,23,Zanclidae,Micro-invertivore,Reef,1,,,
Zebrasoma_desjardinii,40,Acanthuridae,Grazer,Reef,1,,,
Zebrasoma_flavescens,20,Acanthuridae,Grazer,Reef,1,,,
Zebrasoma_rostratum,21,Acanthuridae,Grazer,Reef,1,,,
Zebrasoma_scopas,40,Acanthuridae,Grazer,Reef,1,,,
Zebrasoma_sp,40,Acanthuridae,Grazer,Reef,1,,,
Zebrasoma_veliferum,40,Acanthuridae,Grazer,Reef,1,,,
